gene,count
MUC5B,381.0
THSD4,281.0
EEF1G,272.0
SLC40A1,178.0
CXCL2,171.0
XBP1,115.0
H3F3B,104.0
AGR2,102.0
PKM,86.0
BPIFB1,66.0
HIF1A,62.0
TNS4,60.0
SOX2-OT,58.0
APP,52.0
KIAA1324,51.0
SEPTIN9,46.0
CP,46.0
ESR1,45.0
RASD1,44.0
PLXNB2,43.0
SOST,42.0
IL1R1,40.0
ANXA2,37.0
HNRNPD,36.0
NOTCH2NLA,36.0
ITGA6,35.0
EIF3C,34.0
CD55,33.0
SNHG15,32.0
MUC1,32.0
C2orf88,31.0
RAC1,31.0
CCN2,31.0
YWHAZ,30.0
SDC4,30.0
PROM1,30.0
EPCAM,29.0
SLC39A8,29.0
SCNN1A,29.0
NCOR2,29.0
CD47,28.0
LCN2,28.0
UBE2D3,28.0
CANX,27.0
GTF2I,27.0
LDHA,27.0
PAM,27.0
NORAD,27.0
ANXA5,26.0
PRXL2A,26.0
FBL,26.0
ARRDC3,26.0
HNRNPA1L2,26.0
PTGES3,26.0
TSPAN14,26.0
PDIA4,25.0
BIRC3,25.0
EIF4A1,25.0
SLC25A1,25.0
NEDD9,25.0
RGPD6,24.0
LAMP1,24.0
SF3B1,24.0
HSPA9,24.0
PLEC,23.0
ATP5F1A,23.0
CHD3,23.0
IL6,22.0
PODXL,22.0
TUBB,22.0
EHF,22.0
ANAPC1,22.0
ATP5F1C,22.0
PRKAR1A,21.0
TCIM,21.0
PLXNB1,21.0
SFPQ,21.0
LENG8,21.0
PTP4A1,21.0
CLTC,20.0
DDX39B,20.0
RGPD8,20.0
GANAB,20.0
RANBP2,20.0
SDHA,20.0
GREB1,20.0
BAIAP2,19.0
ARF1,19.0
NONO,19.0
SORL1,19.0
CTNND1,19.0
RPN1,19.0
HSPD1,19.0
TGFBR2,19.0
MYOF,19.0
SIM2,19.0
CTTN,19.0
SPIN1,19.0
SKP1,19.0
NR4A1,19.0
GALNT4,19.0
HSPA8,19.0
IGF1R,18.0
ATF4,18.0
CBX3,18.0
HNRNPF,18.0
P4HB,18.0
EPDR1,18.0
RHOA,18.0
IL6ST,18.0
BCL2L1,18.0
CDH1,18.0
FAR1,18.0
AMOTL2,18.0
PDIA3,18.0
HNRNPH1,17.0
CDKN1B,17.0
AP2M1,17.0
EWSR1,17.0
NPTN,17.0
SORD,17.0
NTN4,17.0
FGFR2,17.0
KCNC3,17.0
PHB2,16.0
NAMPT,16.0
FLNB,16.0
TMEM14C,16.0
CCT3,16.0
CFH,16.0
TARDBP,16.0
IRF1,16.0
ERP27,16.0
PRPF8,16.0
SRSF1,16.0
BCAM,16.0
SOD1,16.0
GOT1,15.0
IQGAP2,15.0
INPPL1,15.0
GOLPH3,15.0
SYNCRIP,15.0
FOXJ1,15.0
RTN4,15.0
MET,15.0
HSPE1,15.0
CPSF6,15.0
XRCC6,15.0
C20orf85,15.0
NECTIN2,15.0
MRFAP1L1,15.0
EIF4EBP2,15.0
ZFAND5,14.0
HYOU1,14.0
GAS6,14.0
POU5F1,14.0
HSPB1,14.0
TMEM101,14.0
HSPG2,14.0
CTBP1,14.0
CSNK1A1,14.0
HIPK3,14.0
CBWD2,14.0
RNF187,14.0
MLPH,14.0
IPO5,14.0
ITGB3,14.0
AKT1,14.0
EIF4G1,14.0
HADHA,14.0
TNC,13.0
DAP,13.0
CCND1,13.0
SLC26A2,13.0
PRKCI,13.0
PPP1R15B,13.0
ECPAS,13.0
SLC11A2,13.0
CCN1,13.0
SP3,13.0
RBMX,13.0
LAMB3,13.0
ILF3,13.0
CCDC71L,13.0
XPR1,13.0
AVPI1,13.0
ERICH3,13.0
TCP1,13.0
SCNN1G,13.0
PAPSS1,13.0
SEMA4C,13.0
IFT57,13.0
FMOD,13.0
TRIM27,13.0
CSNK2B,13.0
CELSR1,13.0
AKAP11,13.0
TGFBR3,12.0
HOXB6,12.0
DAZAP1,12.0
TJP1,12.0
CTNNA1,12.0
MYL9,12.0
IFNAR1,12.0
HNRNPM,12.0
APOL1,12.0
SAFB,12.0
KLF5,12.0
FOLR1,12.0
SOX17,12.0
LY75,12.0
PDXDC1,12.0
DDX3X,12.0
PGK1,12.0
RBBP4,12.0
SNX1,12.0
DDX6,12.0
PABPC1L,11.0
TNFRSF14,11.0
HNRNPUL1,11.0
SMARCA5,11.0
SLC5A3,11.0
DEPTOR,11.0
SIX1,11.0
LIF,11.0
PAK4,11.0
RAB11FIP1,11.0
FLII,11.0
SH3BGRL2,11.0
PARK7,11.0
ARL8B,11.0
SINHCAF,11.0
FSTL1,11.0
POLR2C,11.0
UBAP2L,11.0
LARP4B,11.0
RAN,11.0
CTNNB1,11.0
CLPTM1L,11.0
TMBIM4,11.0
SAT2,11.0
TKT,11.0
SND1,11.0
SF3B3,11.0
CTTNBP2NL,11.0
GADD45A,11.0
PTPRU,11.0
SPATA18,11.0
ITGB4,11.0
LBH,11.0
F11R,11.0
ADAM10,11.0
VEGFB,11.0
DNAJA1,11.0
MEIS1,11.0
FAM216B,11.0
SRI,11.0
ATP1A1,10.0
BIRC2,10.0
MACC1,10.0
MYH9,10.0
TOP2B,10.0
SLC2A1,10.0
RANBP9,10.0
WDR26,10.0
SLMAP,10.0
ITGB5,10.0
PNPLA2,10.0
AGAP1,10.0
EIF4E,10.0
PAIP2,10.0
FUCA1,10.0
GNAI2,10.0
GYS1,10.0
ACTN4,10.0
CCT7,10.0
SLCO1B3,10.0
CCT5,10.0
PICALM,10.0
PRKAB1,10.0
RGL3,10.0
SMARCE1,10.0
C1QBP,10.0
ST14,10.0
VCL,10.0
XRCC5,10.0
SMAD4,10.0
UFC1,10.0
RAB8A,10.0
KHDRBS1,10.0
ANXA3,10.0
LRRC47,10.0
ANKRD13A,10.0
IRS2,10.0
KLHDC2,10.0
GSR,10.0
STAT6,10.0
NFE2L2,10.0
ALKBH5,10.0
NOTCH2,10.0
SGK1,10.0
RUNX3,10.0
GLDN,9.0
CD46,9.0
ADAR,9.0
JRK,9.0
RGPD1,9.0
POLR2A,9.0
SF3A1,9.0
POLR2H,9.0
SLC39A9,9.0
TP53BP1,9.0
ADAM9,9.0
PPM1A,9.0
TPBG,9.0
CTDSPL,9.0
ADNP,9.0
PTPRF,9.0
NFE2L1,9.0
LONP1,9.0
GAA,9.0
YY1,9.0
CUL1,9.0
ARL4D,9.0
U2AF2,9.0
GDF7,9.0
CUL4A,9.0
CDC42,9.0
SUMO1,9.0
SMARCA4,9.0
NBL1,9.0
VPS4A,9.0
EPHX1,9.0
LAMA3,9.0
APMAP,9.0
GRK2,9.0
AMFR,9.0
CYTH2,9.0
KIF2A,9.0
NCSTN,9.0
TMEM123,9.0
HOXB7,9.0
CCNY,9.0
ANO1,9.0
GRAMD1A,9.0
VWA8,9.0
UBE2D2,9.0
WBP2,9.0
SHH,9.0
SEC23B,9.0
AC007906.2,9.0
SHLD2,9.0
MAFF,9.0
MUC4,9.0
ATF6,9.0
BMPR2,9.0
TUFM,9.0
CREBBP,9.0
FMN1,9.0
PAK2,9.0
SUGP2,9.0
DNAJB12,9.0
MYO1C,9.0
DNAJC10,8.0
DRG1,8.0
TMEM98,8.0
HOXB4,8.0
HEXA,8.0
FGF9,8.0
COL18A1,8.0
PDGFC,8.0
PRNP,8.0
DYRK1B,8.0
SQSTM1,8.0
LRP6,8.0
DYNC1H1,8.0
TMX2,8.0
MXRA7,8.0
CREB3,8.0
FAT1,8.0
LASP1,8.0
HRH1,8.0
RARA,8.0
PROM2,8.0
HK1,8.0
CPT1A,8.0
ECHS1,8.0
ITPR3,8.0
SLC1A5,8.0
TFRC,8.0
PSMD10,8.0
TSPAN3,8.0
P2RX4,8.0
CUL3,8.0
AP3D1,8.0
AHCY,8.0
CUTA,8.0
MAEA,8.0
SMARCC1,8.0
CBX1,8.0
FLOT2,8.0
APEX1,8.0
RHBDD2,8.0
CIITA,8.0
GUSB,8.0
EMX2,8.0
CXCL5,8.0
NUMA1,8.0
TWSG1,8.0
CYCS,8.0
PTK7,8.0
ALDH2,8.0
IRGQ,8.0
PTGS2,8.0
PTGER2,8.0
CCT2,8.0
ALG2,8.0
NUCB2,8.0
RAB5A,8.0
VSTM2L,8.0
TSC2,8.0
IGBP1,8.0
HECTD4,8.0
CELSR2,8.0
CMTM8,8.0
ODF2L,8.0
MTA1,8.0
PSMC5,8.0
XRCC1,8.0
PAX8,8.0
RAB7A,8.0
IFNGR1,8.0
PARP1,8.0
DDR1,8.0
PIKFYVE,8.0
GRHL2,8.0
ATXN2L,8.0
CLK4,8.0
VDAC2,8.0
CLN5,8.0
PURB,8.0
AFF1,8.0
NR1H2,8.0
CAV2,8.0
CCL20,7.0
SMN1,7.0
SOX9,7.0
PEA15,7.0
NUDT21,7.0
GART,7.0
CDCP1,7.0
GRB2,7.0
SMURF2,7.0
SNAP23,7.0
NVL,7.0
PIH1D1,7.0
TERF2,7.0
TC2N,7.0
PABPC4,7.0
ST6GAL1,7.0
SOCS3,7.0
PIK3CB,7.0
CD82,7.0
GIPC1,7.0
PINK1,7.0
POLR2B,7.0
PPIC,7.0
PDCD4,7.0
CDV3,7.0
PANX2,7.0
PHF10,7.0
NRIP1,7.0
CFTR,7.0
GFPT1,7.0
GOLGA2,7.0
POGZ,7.0
GXYLT2,7.0
FDX1,7.0
SNRNP200,7.0
SMAD2,7.0
SMAD3,7.0
CCT8,7.0
CCDC6,7.0
PDHA1,7.0
GPRC5C,7.0
SPART,7.0
ATXN3,7.0
F3,7.0
SEC16A,7.0
MFF,7.0
ATIC,7.0
LUC7L,7.0
TSPAN13,7.0
PSMD3,7.0
CTSL,7.0
EVI5,7.0
MMP14,7.0
IGF2R,7.0
IGF2BP2,7.0
EIF3A,7.0
XPA,7.0
TRPM4,7.0
DIS3,7.0
SENP6,7.0
MTAP,7.0
EID1,7.0
YES1,7.0
RAB9A,7.0
IARS2,7.0
DHCR24,7.0
ITGA3,7.0
MEIS3,7.0
UBE3A,7.0
URB1,7.0
DAG1,7.0
PTPN1,7.0
RUNX1,7.0
MAP4K3,7.0
DDB1,7.0
RRP1B,7.0
API5,7.0
IMPDH2,7.0
UBE2L3,7.0
EIF5A,7.0
VASP,7.0
PVR,7.0
VPS35,7.0
ERBB3,7.0
ARF6,7.0
MAPKAPK2,7.0
ARHGAP35,7.0
TYK2,7.0
ALDH3A2,7.0
CSNK1E,7.0
AP2A2,7.0
PRKCD,7.0
LDLRAD1,7.0
KIAA1191,7.0
PRKAA1,7.0
YWHAQ,7.0
AAMP,7.0
BRD3,7.0
BMPR1A,7.0
PRMT1,7.0
MYCBP,7.0
KDM1A,7.0
JPT2,7.0
RELA,7.0
COMT,7.0
CRK,7.0
ZNF592,6.0
PGR,6.0
ELK4,6.0
SSB,6.0
ALG13,6.0
DNMT1,6.0
KPNB1,6.0
ALCAM,6.0
RAB11A,6.0
AKTIP,6.0
MAL2,6.0
ECHDC1,6.0
GPBP1L1,6.0
IRF2BPL,6.0
IPO7,6.0
DDX1,6.0
SPATS2L,6.0
RUNX2,6.0
URGCP,6.0
PM20D2,6.0
DST,6.0
RBM23,6.0
PGM1,6.0
GCLM,6.0
DUSP23,6.0
PLEKHA1,6.0
ODR4,6.0
ANKRD17,6.0
UTP23,6.0
ZNF768,6.0
ENOSF1,6.0
ANKHD1,6.0
PKP2,6.0
GPBP1,6.0
KCNQ1,6.0
DEK,6.0
GLB1,6.0
AP1S3,6.0
ZBTB4,6.0
XPC,6.0
SNX27,6.0
JAG1,6.0
XPO1,6.0
SOCS1,6.0
DMKN,6.0
XPO7,6.0
LTBR,6.0
SRSF2,6.0
SS18,6.0
LSM12,6.0
RHOT1,6.0
LRRC59,6.0
CD59,6.0
YTHDF1,6.0
RABL6,6.0
RAI14,6.0
LRBA,6.0
AKAP8,6.0
WEE1,6.0
LAPTM4B,6.0
SSBP3,6.0
EIF4EBP3,6.0
WDFY3,6.0
CDKN1A,6.0
CD200,6.0
KCNN4,6.0
AHR,6.0
RNF167,6.0
RANBP3,6.0
PDE4DIP,6.0
WNT5A,6.0
DHX30,6.0
RETREG3,6.0
LGMN,6.0
RNASEH2B,6.0
KCNK1,6.0
PHF8,6.0
SMC3,6.0
TRIB2,6.0
SMCHD1,6.0
IFNGR2,6.0
HTT,6.0
HUWE1,6.0
THRA,6.0
CSNK2A1,6.0
POLR2M,6.0
THBS1,6.0
MTCH2,6.0
BACE1,6.0
MPDU1,6.0
FAF1,6.0
CLOCK,6.0
MON2,6.0
ATXN2,6.0
MOB4,6.0
SEL1L,6.0
ESF1,6.0
CXADR,6.0
TES,6.0
NFX1,6.0
BDKRB2,6.0
CXCL16,6.0
MYO6,6.0
TMEM192,6.0
PPP2R1A,6.0
PPP2CA,6.0
FCGBP,6.0
NDRG2,6.0
TNFRSF10B,6.0
NACC2,6.0
SLC25A4,6.0
BMI1,6.0
SHC1,6.0
CACYBP,6.0
BLVRA,6.0
TOP1,6.0
PPP1CA,6.0
TOPBP1,6.0
HSPB11,6.0
PRPF19,6.0
HMGB3,6.0
SDHB,6.0
AXIN1,6.0
EPRS,6.0
MCTP2,6.0
FNDC3B,6.0
SMARCA2,6.0
CLCN3,6.0
PTDSS1,6.0
IL7R,6.0
CKAP4,6.0
NT5E,6.0
TBL2,6.0
CLDN7,6.0
MAPK1,6.0
SCRN1,6.0
UEVLD,6.0
CHUK,6.0
MEF2A,6.0
NT5C2,6.0
PTPN2,6.0
MDM2,6.0
MECOM,6.0
MAP4,6.0
PUM3,5.0
DNAH9,5.0
PTGFRN,5.0
SLC39A11,5.0
SLC2A4RG,5.0
DNAJB2,5.0
SHARPIN,5.0
RAI2,5.0
RBBP8,5.0
RBM19,5.0
SLC35E1,5.0
RB1,5.0
PTPRJ,5.0
DAZAP2,5.0
RASSF8,5.0
FDPS,5.0
RSPRY1,5.0
FAM3A,5.0
SLC25A39,5.0
RC3H1,5.0
RC3H2,5.0
SMARCB1,5.0
SOS1,5.0
DNM2,5.0
SHMT1,5.0
PTOV1,5.0
EPHX2,5.0
SOX5,5.0
PPARGC1A,5.0
SNRPD3,5.0
RREB1,5.0
CTNNAL1,5.0
PPP4R1,5.0
EIF2AK3,5.0
SDC2,5.0
SNX17,5.0
PLAGL1,5.0
EIF2AK4,5.0
FUS,5.0
RMDN1,5.0
CFB,5.0
PLA2R1,5.0
FKBP11,5.0
PSME3,5.0
PSPC1,5.0
SLFN5,5.0
CX3CL1,5.0
SLC7A5,5.0
SEC13,5.0
ERCC6,5.0
CHAMP1,5.0
CRY2,5.0
SERPINH1,5.0
EGFR,5.0
SH3BP5L,5.0
SLC9A3R2,5.0
PRPSAP1,5.0
FN3KRP,5.0
PRR13,5.0
PRRC2A,5.0
EMP2,5.0
ERAP1,5.0
PYGB,5.0
FGFR1,5.0
POMGNT1,5.0
SF3B4,5.0
ELAVL1,5.0
FHAD1,5.0
EIF1B,5.0
PIK3C3,5.0
PREPL,5.0
DSG2,5.0
WDR77,5.0
CASP7,5.0
HMGCR,5.0
MED1,5.0
MYBBP1A,5.0
TJP2,5.0
TRAF3IP2,5.0
ZBTB1,5.0
ALDOA,5.0
CACUL1,5.0
ITCH,5.0
BCR,5.0
ARID1A,5.0
NFATC3,5.0
TMEM109,5.0
BECN1,5.0
ALYREF,5.0
MTR,5.0
ACLY,5.0
CCDC50,5.0
VLDLR,5.0
MAPK8IP3,5.0
WASHC2A,5.0
CD2BP2,5.0
HMGA2,5.0
ZBTB10,5.0
TMEM173,5.0
SYVN1,5.0
LATS2,5.0
TASOR,5.0
ADAM17,5.0
MUC16,5.0
NUS1,5.0
NIPSNAP1,5.0
NUTF2,5.0
NXN,5.0
KCTD9,5.0
WWC1,5.0
OGDH,5.0
HDAC2,5.0
MVP,5.0
MLF1,5.0
KDM4A,5.0
ATP2A2,5.0
RBL2,5.0
LRP5,5.0
IL13RA1,5.0
ATP2B1,5.0
OSCP1,5.0
METRNL,5.0
ZMYM1,5.0
Human_PTEN_G129E_ALT:A,5.0
UBE2I,5.0
GIGYF1,5.0
UPF1,5.0
CD8B,5.0
SRA1,5.0
UQCC3,5.0
USP7,5.0
BMPR1B,5.0
TMX1,5.0
MSH3,5.0
YLPM1,5.0
SPICE1,5.0
HADHB,5.0
NCBP3,5.0
PDZK1,5.0
USP5,5.0
BTAF1,5.0
TNIP1,5.0
BRAF,5.0
KLHL13,5.0
MAP2K1,5.0
MSN,5.0
INSR,5.0
GTPBP10,5.0
WDR5,5.0
ADD1,5.0
PAX2,5.0
TMEM209,5.0
HSF1,5.0
THAP11,5.0
STAU1,5.0
ABCC1,5.0
MAPK3,5.0
KPNA6,5.0
IRAK1,5.0
APOBEC3C,5.0
NEDD4L,5.0
IMMT,5.0
C1RL,5.0
JUP,5.0
PCBD1,5.0
UGT2B7,5.0
LRATD2,5.0
SREBF2,5.0
ZC2HC1A,5.0
AFAP1L2,4.0
AFF2,4.0
TRIM25,4.0
CSNK2A2,4.0
WWP1,4.0
TRIM65,4.0
CSNK1G1,4.0
LURAP1,4.0
CCNO,4.0
BCL10,4.0
DIS3L2,4.0
PRMT5,4.0
BRD4,4.0
YAP1,4.0
ADGRL1,4.0
TNKS,4.0
SIAE,4.0
ADIPOR1,4.0
TNS2,4.0
SHMT2,4.0
XPO6,4.0
FAM183A,4.0
MYO1E,4.0
JAK1,4.0
DHX9,4.0
PROS1,4.0
TP53,4.0
TP53BP2,4.0
PRPF31,4.0
TPPP3,4.0
RNF2,4.0
BCL7B,4.0
EIF2S1,4.0
ADRB1,4.0
FADD,4.0
TRAF4,4.0
CSF1,4.0
XIAP,4.0
SELENOT,4.0
MAFB,4.0
MAP1LC3A,4.0
PTK2,4.0
RRM1,4.0
APOL2,4.0
APOL6,4.0
APTX,4.0
AMOT,4.0
UBE2D1,4.0
PTEN,4.0
UBTF,4.0
ERCC3,4.0
MAPK9,4.0
PTCH1,4.0
CYLD,4.0
TYMP,4.0
IRF3,4.0
ERG28,4.0
IQGAP1,4.0
CYREN,4.0
IFI16,4.0
DAXX,4.0
PTPRG,4.0
RTL8C,4.0
ENPP3,4.0
DBR1,4.0
ANKS6,4.0
USP36,4.0
USP32,4.0
RSBN1,4.0
PTPA,4.0
DAP3,4.0
PTPRM,4.0
RUFY2,4.0
UQCC1,4.0
AP2A1,4.0
UNG,4.0
IPP,4.0
CYBA,4.0
PVT1,4.0
ARNT,4.0
ATRX,4.0
MINPP1,4.0
ATM,4.0
TNFSF10,4.0
TSPAN12,4.0
WAPL,4.0
CTSA,4.0
ROCK1,4.0
MPI,4.0
MCM3AP,4.0
WASHC4,4.0
SEMA4D,4.0
BACE2,4.0
AIMP2,4.0
CTCF,4.0
CTBP2,4.0
MSH6,4.0
ATL2,4.0
R3HDM2,4.0
MINDY2,4.0
IL10RB,4.0
SDF2L1,4.0
IRS1,4.0
ERLIN2,4.0
MDC1,4.0
ASCC3,4.0
MELTF,4.0
ERRFI1,4.0
MEN1,4.0
PTBP1,4.0
METTL16,4.0
ALG9,4.0
DDX50,4.0
VTCN1,4.0
ALG11,4.0
R3HDM1,4.0
SIN3A,4.0
COL5A1,4.0
NAP1L4,4.0
CD151,4.0
RARB,4.0
P4HA1,4.0
EBP,4.0
PLCB1,4.0
RCOR3,4.0
RCOR1,4.0
PLAUR,4.0
STUB1,4.0
STIM2,4.0
STRN3,4.0
STRIP1,4.0
GNS,4.0
E4F1,4.0
GNL2,4.0
CFL2,4.0
STK11,4.0
ECE1,4.0
LAMC2,4.0
PLEKHA2,4.0
OGT,4.0
TCEA3,4.0
CKAP5,4.0
ZFPL1,4.0
TBK1,4.0
FNTA,4.0
SMARCAL1,4.0
TAP1,4.0
KCTD10,4.0
PMM2,4.0
TAF1,4.0
FOXA2,4.0
PLPP3,4.0
CCNDBP1,4.0
SMURF1,4.0
ZNF326,4.0
CFDP1,4.0
PARD3,4.0
GSK3A,4.0
PDHB,4.0
KMT2D,4.0
KLHL8,4.0
GHITM,4.0
SPTBN1,4.0
SPPL2A,4.0
SPIN3,4.0
CDC27,4.0
ZSCAN26,4.0
CD2AP,4.0
SPECC1L,4.0
SPATA5L1,4.0
CDH6,4.0
GBA,4.0
PFKP,4.0
GATA2,4.0
PFKFB3,4.0
PIBF1,4.0
PDCD6,4.0
DUOXA1,4.0
KIF5B,4.0
PIWIL1,4.0
PITPNB,4.0
KRAS,4.0
ZNF639,4.0
PIK3R1,4.0
DPM1,4.0
ABCC3,4.0
DYRK1A,4.0
STAT5B,4.0
PAWR,4.0
STAT3,4.0
STAT2,4.0
PBX1,4.0
KPNA3,4.0
ZSCAN12,4.0
GSE1,4.0
DCTN1,4.0
CNKSR3,4.0
SLC12A2,4.0
DNAH11,4.0
MAP1S,4.0
POLR2G,4.0
TMEM45A,4.0
NEK11,4.0
HDAC1,4.0
EFR3A,4.0
HEATR3,4.0
HERC2,4.0
NKAPD1,4.0
CCDC9,4.0
TMEM164,4.0
POR,4.0
HEXB,4.0
SLC22A5,4.0
HIVEP2,4.0
CNP,4.0
NEK4,4.0
HMGN3,4.0
NEURL4,4.0
HNMT,4.0
TLR5,4.0
TM9SF4,4.0
LRPPRC,4.0
COASY,4.0
HNRNPLL,4.0
COIL,4.0
SLC25A11,4.0
ADCYAP1R1,4.0
CAT,4.0
ZCCHC17,4.0
TCF3,4.0
GSS,4.0
GTF3C1,4.0
TDRD3,4.0
GTPBP1,4.0
PRKDC,4.0
GTPBP4,4.0
DLD,4.0
SIRT6,4.0
BTRC,4.0
NSUN5,4.0
TEKT1,4.0
DLEU2,4.0
TGFB3,4.0
CCAR2,4.0
CBX7,4.0
LPCAT1,4.0
FIP1L1,4.0
YTHDC2,4.0
ZC3H18,4.0
CBX5,4.0
EGLN1,4.0
KCNJ15,4.0
EHBP1,3.0
EHMT1,3.0
KAT2A,3.0
INVS,3.0
KLHL24,3.0
KMT2A,3.0
LRRC45,3.0
RBCK1,3.0
MAP1LC3B,3.0
ISOC2,3.0
ITPRID2,3.0
RASA1,3.0
LSG1,3.0
MAGI3,3.0
LGALS9,3.0
RAB28,3.0
LGALSL,3.0
EDN1,3.0
KDM5B,3.0
EDRF1,3.0
EMC1,3.0
EEF1AKNMT,3.0
ITGB2,3.0
KDM6B,3.0
DUSP5,3.0
MAN2B1,3.0
EFHC1,3.0
MAOB,3.0
EIF4A3,3.0
EFNB2,3.0
RASSF3,3.0
LTBP2,3.0
LRG1,3.0
DZIP1L,3.0
LTA4H,3.0
DVL1,3.0
KCNMA1,3.0
PER1,3.0
EP300,3.0
NT5DC2,3.0
H2AFX,3.0
NRDE2,3.0
NREP,3.0
POLDIP2,3.0
NRP2,3.0
FMC1,3.0
GSTO1,3.0
EPAS1,3.0
NTN1,3.0
PMS1,3.0
NUMB,3.0
NUP153,3.0
NUP98,3.0
OCLN,3.0
FKTN,3.0
NR3C1,3.0
NPTX2,3.0
NPR3,3.0
FHL2,3.0
NPAT,3.0
NOC3L,3.0
NME1,3.0
HECA,3.0
NFKB2,3.0
HIPK2,3.0
PPFIA1,3.0
NEPRO,3.0
NEK6,3.0
FDFT1,3.0
PPP3CA,3.0
PRKAA2,3.0
PLEKHH2,3.0
FOXO3,3.0
GPR39,3.0
GABBR1,3.0
PELP1,3.0
PEG10,3.0
PDPK1,3.0
GALE,3.0
PDE3A,3.0
PHGDH,3.0
PI4KA,3.0
PCNA,3.0
PCID2,3.0
PIGF,3.0
GLCCI1,3.0
PCAT1,3.0
GABRA2,3.0
PIK3CA,3.0
G6PD,3.0
OSGIN2,3.0
FZR1,3.0
PARP11,3.0
GLUD1,3.0
GMPS,3.0
PIM1,3.0
FURIN,3.0
PALB2,3.0
GPN1,3.0
GPN2,3.0
GPR12,3.0
P4HTM,3.0
FRA10AC1,3.0
FOXRED1,3.0
FOXP4,3.0
HOXB9,3.0
NCOR1,3.0
NCOA4,3.0
MCM3,3.0
IFRD1,3.0
EXOSC10,3.0
MMADHC,3.0
MLXIP,3.0
IGSF8,3.0
PSMD2,3.0
ESRRA,3.0
MID2,3.0
MGMT,3.0
MFN2,3.0
MFAP5,3.0
METTL3,3.0
IL18R1,3.0
MCM4,3.0
ERGIC2,3.0
IFNAR2,3.0
MCCC1,3.0
MBNL1,3.0
MAVS,3.0
ERCC2,3.0
ERBB2,3.0
IL4R,3.0
EPM2AIP1,3.0
MAPK15,3.0
IMPDH1,3.0
MAP7,3.0
INHBB,3.0
MAP3K7,3.0
MAP3K1,3.0
MAP2K4,3.0
MPPED2,3.0
EYA1,3.0
FBXW11,3.0
FAIM,3.0
NCOA2,3.0
FBP1,3.0
NCLN,3.0
NCF2,3.0
NCBP1,3.0
NBN,3.0
NAA40,3.0
NAA16,3.0
NAA15,3.0
MZF1,3.0
FAM168A,3.0
HSPA4,3.0
FAM107A,3.0
MYH10,3.0
FAF2,3.0
MS4A6A,3.0
MYB,3.0
MUC5AC,3.0
F7,3.0
F2RL1,3.0
PSKH1,3.0
MTREX,3.0
PER3,3.0
ICA1,3.0
ICAM1,3.0
MTERF2,3.0
MST1,3.0
PSMA6,3.0
PSMB5,3.0
PSMD1,3.0
MTPAP,3.0
RHOC,3.0
RBM10,3.0
BID,3.0
SH3GLB2,3.0
BAG3,3.0
CREG1,3.0
SIAH1,3.0
SIK3,3.0
BAZ2B,3.0
BCAR3,3.0
BCAS3,3.0
TRBC1,3.0
TRAFD1,3.0
BCL3,3.0
BCOR,3.0
TPCN1,3.0
TOR3A,3.0
CRYZ,3.0
TOMM40,3.0
BMP2K,3.0
SLC17A5,3.0
TOLLIP,3.0
TNPO3,3.0
TNFRSF21,3.0
TNFRSF12A,3.0
BTN3A1,3.0
SLC25A17,3.0
TMTC4,3.0
C1QC,3.0
TMPO,3.0
TMEM9B,3.0
CRYBG3,3.0
CRYZL1,3.0
USP10,3.0
CUL5,3.0
RUVBL2,3.0
UGDH,3.0
UCP2,3.0
UBR5,3.0
S1PR3,3.0
UBR3,3.0
ARFIP1,3.0
CYP27A1,3.0
TUSC2,3.0
ARRB2,3.0
SDC3,3.0
CXCL6,3.0
ATF2,3.0
CUL4B,3.0
SFXN2,3.0
ATL3,3.0
CUEDC2,3.0
TSPAN4,3.0
ATOH8,3.0
ATP7A,3.0
SEMA3F,3.0
TSG101,3.0
ATPSCKMT,3.0
SESN2,3.0
ATXN1,3.0
TRUB1,3.0
AXIN2,3.0
B4GAT1,3.0
C1QTNF9,3.0
TMEM97,3.0
C4B,3.0
STEAP1,3.0
TCF20,3.0
CGNL1,3.0
TBRG4,3.0
TBC1D8B,3.0
SNURF,3.0
CFAP46,3.0
TACC2,3.0
CCNT1,3.0
SURF6,3.0
STXBP4,3.0
STRN4,3.0
SORCS2,3.0
CD276,3.0
CDKN1C,3.0
TMEM33,3.0
SSRP1,3.0
CD44,3.0
CD58,3.0
SPA17,3.0
SRF,3.0
CD83,3.0
SRCAP,3.0
CDK16,3.0
CD8A,3.0
CDC123,3.0
CDHR4,3.0
SPRR3,3.0
SPATA5,3.0
CCDC91,3.0
SNRPB,3.0
CHAD,3.0
TCFL5,3.0
TLK1,3.0
CNIH4,3.0
SLC3A2,3.0
CLSTN1,3.0
CLPX,3.0
THUMPD3,3.0
CARD11,3.0
CLIC4,3.0
CARF,3.0
THEM6,3.0
CASK,3.0
SLC9A3R1,3.0
SLIT2,3.0
SMAD7,3.0
SMAP2,3.0
SMC1A,3.0
TGFBR1,3.0
CBFB,3.0
TFPI2,3.0
TFAP2A,3.0
TFAM,3.0
TERF1,3.0
CCDC14,3.0
TEC,3.0
TDGF1,3.0
SNHG1,3.0
CCDC7,3.0
RUVBL1,3.0
SIGMAR1,3.0
CDH11,3.0
AGR3,3.0
ADGRA3,3.0
ALOX5,3.0
ALPK1,3.0
VPS37B,3.0
DNAH2,3.0
RPF1,3.0
VHL,3.0
DDX27,3.0
XPNPEP3,3.0
VEGFA,3.0
RBPJ,3.0
ZNF76,3.0
DDX21,3.0
RIC8A,3.0
ZCCHC8,3.0
YY1AP1,3.0
REXO2,3.0
DICER1,3.0
RRP15,3.0
WASL,3.0
ROCK2,3.0
DNAJC9,3.0
REL,3.0
WNT5B,3.0
ZFYVE26,3.0
RPA2,3.0
AIFM1,3.0
ZFX,3.0
ALAD,3.0
WASHC3,3.0
ZNF395,3.0
DNAI1,3.0
AKT2,3.0
RMND5A,3.0
ZNF451,3.0
RMND1,3.0
DLG1,3.0
ACACA,3.0
RBM34,3.0
DNAH1,3.0
RBM15,3.0
ZCCHC10,3.0
USP53,3.0
DDI2,3.0
RBM38,3.0
ZC3H12A,3.0
ANKRD6,3.0
DDIT4L,3.0
DMXL2,3.0
ABCA4,3.0
DCAF1,3.0
DRC3,3.0
VDAC1,3.0
ZBTB21,3.0
ZC3HAV1L,3.0
NRAS,2.0
CBS,2.0
TET1,2.0
GSTZ1,2.0
CAPN1,2.0
TCOF1,2.0
CCDC57,2.0
HEXIM1,2.0
GYG2,2.0
CAMSAP2,2.0
CCDC170,2.0
TELO2,2.0
HGS,2.0
ZMPSTE24,2.0
LIPG,2.0
NSUN2,2.0
LDLR,2.0
CCDC136,2.0
TECPR1,2.0
ZMIZ2,2.0
LIPC,2.0
ACAT1,2.0
HEY1,2.0
NOMO3,2.0
HESX1,2.0
LIPA,2.0
ACSL4,2.0
NOLC1,2.0
ZCCHC3,2.0
NOL4L,2.0
CASP3,2.0
HDAC6,2.0
CASP6,2.0
ACTL6A,2.0
HDAC8,2.0
CASP8,2.0
NPNT,2.0
HBS1L,2.0
NOA1,2.0
CARTPT,2.0
TGM2,2.0
CASZ1,2.0
NQO2,2.0
LGALS8,2.0
KCNJ6,2.0
NR2E3,2.0
ZFHX3,2.0
TFE3,2.0
CBLN3,2.0
CASP2,2.0
CARD8,2.0
NPM3,2.0
ZNF177,2.0
GSTM1,2.0
KNDC1,2.0
KPNA1,2.0
PBXIP1,2.0
GLI3,2.0
GLOD4,2.0
SSX2IP,2.0
KPNA2,2.0
STAT5A,2.0
CD302,2.0
STC2,2.0
GMDS,2.0
GMEB1,2.0
GMEB2,2.0
GMFB,2.0
STEAP4,2.0
PANK2,2.0
ABCA7,2.0
SRPK1,2.0
ABTB2,2.0
CD72,2.0
PDK1,2.0
GDF15,2.0
CDC73,2.0
CDC6,2.0
CDC37,2.0
ZYG11B,2.0
CDC34,2.0
ZUP1,2.0
CD99,2.0
ZSWIM6,2.0
ABCA10,2.0
PDCD6IP,2.0
SRD5A3,2.0
ZSCAN20,2.0
PCCB,2.0
PAMR1,2.0
CD22,2.0
ZNF608,2.0
STK40,2.0
NXF1,2.0
CCL28,2.0
TANGO2,2.0
NUP93,2.0
NUP107,2.0
CAMK2D,2.0
LAMP2,2.0
TBCK,2.0
GRP,2.0
NUAK2,2.0
LANCL1,2.0
ZNF106,2.0
KCNU1,2.0
LARP4,2.0
CCDC86,2.0
ABCG1,2.0
GRAMD2B,2.0
RBM12,2.0
CCT6A,2.0
ABCD3,2.0
GPATCH11,2.0
LAIR2,2.0
STXBP5,2.0
SUGCT,2.0
PADI2,2.0
SULT1A1,2.0
OGFR,2.0
SUMO4,2.0
ZNF512,2.0
OVOL2,2.0
CCR3,2.0
ORAI3,2.0
OPTN,2.0
CAMK2G,2.0
USF1,2.0
TIMM50,2.0
MALT1,2.0
MOB2,2.0
ATR,2.0
MNDA,2.0
MAN1B1,2.0
MLXIPL,2.0
VPS13B,2.0
TSNAXIP1,2.0
MKNK1,2.0
IKZF1,2.0
IRAK4,2.0
MITD1,2.0
VDR,2.0
ATG5,2.0
TSPYL5,2.0
ATF3,2.0
ALDH7A1,2.0
TRRAP,2.0
IDO1,2.0
TRPM7,2.0
IFI35,2.0
MSI1,2.0
TRMT1L,2.0
TRMT2A,2.0
MAK,2.0
MSH2,2.0
MRTFA,2.0
MRPL45,2.0
MRM3,2.0
TRPC1,2.0
MPZL1,2.0
AKT3,2.0
AXL,2.0
MPP7,2.0
MPLKIP,2.0
ATF1,2.0
IQSEC1,2.0
METTL2A,2.0
ASXL1,2.0
AQP7,2.0
AQP1,2.0
APPBP2,2.0
APOM,2.0
APOBEC3F,2.0
UBE4B,2.0
UTRN,2.0
MAPK10,2.0
APOB,2.0
USP38,2.0
ANKS1A,2.0
MAP7D1,2.0
USP11,2.0
ULK1,2.0
MAP4K4,2.0
MAPRE2,2.0
MARK2,2.0
MAX,2.0
MDFIC,2.0
IL17RA,2.0
TUBB2B,2.0
MED12,2.0
IL1RAP,2.0
MDM4,2.0
ART1,2.0
ARRB1,2.0
TXNRD1,2.0
MCM9,2.0
MCM7,2.0
IPO9,2.0
ARNTL,2.0
TXK,2.0
TXNDC9,2.0
IDUA,2.0
BAG6,2.0
TIMP2,2.0
CABCOCO1,2.0
C5AR1,2.0
NECTIN3,2.0
ADAM28,2.0
KAT2B,2.0
C1QTNF6,2.0
ADAMTSL3,2.0
ADCY2,2.0
YTHDF3,2.0
TNFRSF10A,2.0
BSDC1,2.0
TNFRSF10D,2.0
JMJD4,2.0
TNFRSF1A,2.0
JDP2,2.0
TNFSF13,2.0
ZBTB40,2.0
TMEM106B,2.0
IDE,2.0
TLR3,2.0
TIMP3,2.0
NFAT5,2.0
HMGA1,2.0
NF2,2.0
CALM3,2.0
ACVR1B,2.0
TIRAP,2.0
ACVR2A,2.0
NF1,2.0
HMOX1,2.0
NEUROD2,2.0
TLK2,2.0
NEK8,2.0
UMPS,2.0
TLR2,2.0
NAIP,2.0
NAAA,2.0
BNIP3,2.0
YIPF5,2.0
TRAP1,2.0
AGAP3,2.0
AGO1,2.0
MTRES1,2.0
TRIB1,2.0
BBC3,2.0
ITGAV,2.0
TRIM28,2.0
TRIM47,2.0
CDH13,2.0
WDR90,2.0
TRIM5,2.0
TRIP13,2.0
WDR74,2.0
BAK1,2.0
BCL2,2.0
TRAF6,2.0
MUTYH,2.0
TPMT,2.0
BMP4,2.0
XPO5,2.0
MYO1D,2.0
TOMM34,2.0
BICRAL,2.0
IVNS1ABP,2.0
HTATIP2,2.0
TRAF5,2.0
TRAC,2.0
XPNPEP1,2.0
MYD88,2.0
BCL6,2.0
ADRA2C,2.0
BCL2L13,2.0
CAD,2.0
TAB2,2.0
SPECC1,2.0
DDX19A,2.0
DDX51,2.0
PYGL,2.0
ELMOD2,2.0
FLRT3,2.0
PXN,2.0
POLH,2.0
SLC6A9,2.0
FLCN,2.0
EMD,2.0
CLK2,2.0
FKBP15,2.0
EMP1,2.0
EMSY,2.0
DDX25,2.0
ENKUR,2.0
ELK1,2.0
FHL3,2.0
CLSTN3,2.0
CMSS1,2.0
SLC5A1,2.0
RTCB,2.0
FGFR3,2.0
SLC43A2,2.0
PTPN6,2.0
PON2,2.0
POU2F1,2.0
CNNM3,2.0
DAPK1,2.0
EPB41L3,2.0
CNOT1,2.0
PYM1,2.0
RPA3,2.0
CNR1,2.0
FOXJ2,2.0
EHMT2,2.0
EIF1AD,2.0
DKC1,2.0
PLAGL2,2.0
RIPK1,2.0
CHD7,2.0
PLCG1,2.0
RIPK4,2.0
CHFR,2.0
CHKA,2.0
CHODL,2.0
CHRAC1,2.0
FOXO1,2.0
RNF31,2.0
SMPD1,2.0
PNMA1,2.0
RNF38,2.0
PLIN4,2.0
PLP2,2.0
SMOX,2.0
PLSCR1,2.0
PLTP,2.0
CHRNA3,2.0
RO60,2.0
SMN2,2.0
PMAIP1,2.0
CINP,2.0
CISD2,2.0
QPCTL,2.0
SMARCA1,2.0
DACH1,2.0
EPG5,2.0
DLEU1,2.0
SHD,2.0
FAS,2.0
CPEB2,2.0
PTBP2,2.0
ERN1,2.0
ERVMER34-1,2.0
FAM98A,2.0
SIK2,2.0
CREB1,2.0
CUZD1,2.0
SHLD1,2.0
PROSER1,2.0
ESM1,2.0
CRKL,2.0
PRPF3,2.0
SH3BP5,2.0
PRKD3,2.0
SECISBP2L,2.0
ESRRG,2.0
FAAH,2.0
ETV3,2.0
PRSS16,2.0
SELPLG,2.0
ETV6,2.0
SEMA3C,2.0
SEMA3D,2.0
F2R,2.0
SEMA4B,2.0
SENP1,2.0
PSMC2,2.0
SESN3,2.0
SIRT1,2.0
SPATS2,2.0
SLC37A4,2.0
SCAF4,2.0
CNST,2.0
PTPN11,2.0
CYTOR,2.0
PPM1D,2.0
PPP1R37,2.0
SAMD9,2.0
CYP2J2,2.0
FECH,2.0
SLC25A31,2.0
SART1,2.0
SART3,2.0
SLC20A2,2.0
COL4A1,2.0
SBNO2,2.0
FCGR3B,2.0
PRKCZ,2.0
PREP,2.0
SCFD2,2.0
SCIMP,2.0
SLC16A9,2.0
SLC16A4,2.0
PRKACA,2.0
FBXW7,2.0
COPS5,2.0
PRKAG1,2.0
PRKAG2,2.0
FBXO25,2.0
FBXO16,2.0
PRKCH,2.0
CORO1C,2.0
DLEC1,2.0
ELF4,2.0
CSK,2.0
EDNRA,2.0
DPP4,2.0
DNAH14,2.0
CDK8,2.0
EFHC2,2.0
CDK4,2.0
DMWD,2.0
CFAP100,2.0
PGGT1B,2.0
FZD10,2.0
PIN1,2.0
CFAP20,2.0
RASSF5,2.0
SPAG1,2.0
DVL3,2.0
PGAP2,2.0
DVL2,2.0
EGF,2.0
SNX33,2.0
DOT1L,2.0
SPAG17,2.0
GAB2,2.0
RCC1,2.0
SORT1,2.0
CDR2L,2.0
PIEZO1,2.0
PHLDB3,2.0
CEACAM5,2.0
REST,2.0
CENPB,2.0
PHF6,2.0
RAPGEF3,2.0
PHF23,2.0
CENPV,2.0
DOK7,2.0
RAP1A,2.0
CEP112,2.0
PHF12,2.0
RASSF2,2.0
FXYD7,2.0
CDK5RAP1,2.0
RAD50,2.0
DUX4,2.0
GBE1,2.0
DUSP6,2.0
FUT4,2.0
RAD18,2.0
EGLN3,2.0
PEPD,2.0
PKD1,2.0
SNX11,2.0
RBM27,2.0
GCH1,2.0
RBBP7,2.0
CFHR1,2.0
RBM14,2.0
KLF4,2.0
FTO,2.0
DMPK,2.0
RBMS1,2.0
CDK17,2.0
SPAG6,2.0
CDK10,2.0
MIIP,1.0
SCGB1D2,1.0
MMACHC,1.0
SCAMP4,1.0
ZNF341,1.0
PTGDR,1.0
SCAPER,1.0
MCM5,1.0
MCM6,1.0
MCPH1,1.0
ZNF296,1.0
RAVER1,1.0
KLK10,1.0
SEMA3A,1.0
KLRB1,1.0
ZPR1,1.0
RASSF1,1.0
MCTS1,1.0
ZSCAN16,1.0
SEPTIN5,1.0
KLHL14,1.0
TSPAN8,1.0
SAMHD1,1.0
TSPO,1.0
MAPK8IP1,1.0
MAPK8IP2,1.0
RASGEF1C,1.0
UBASH3B,1.0
SETD4,1.0
MFSD5,1.0
TSPOAP1,1.0
UBA1,1.0
SASH1,1.0
ZNF280C,1.0
SAXO1,1.0
MAS1,1.0
U2AF1,1.0
PTGER3,1.0
ZNF281,1.0
TSPAN9,1.0
SCIN,1.0
ZNF827,1.0
MIEN1,1.0
SDAD1,1.0
TUBA4A,1.0
MEIS2,1.0
KRT78,1.0
TTPA,1.0
ZNF687,1.0
RBPMS,1.0
LAMP3,1.0
ZNF683,1.0
SCPEP1,1.0
SDHAF3,1.0
TTC9C,1.0
PSMD4,1.0
TTC4,1.0
TTC23,1.0
MEPCE,1.0
RBMS2,1.0
MEST,1.0
MEF2C,1.0
MITF,1.0
KRTCAP2,1.0
TUBB4A,1.0
SEC14L3,1.0
RBX1,1.0
MKRN2,1.0
PTCD3,1.0
PTCD2,1.0
LAIR1,1.0
LAD1,1.0
SDK2,1.0
ME1,1.0
PTCD1,1.0
TUBG1,1.0
KXD1,1.0
TUBD1,1.0
KNSTRN,1.0
TSSC4,1.0
TUBB6,1.0
SCRIB,1.0
MAPK8,1.0
ZAN,1.0
RCN2,1.0
RPA1,1.0
ZC3H7A,1.0
WNT3,1.0
RNF43,1.0
RAF1,1.0
WEE2,1.0
LZIC,1.0
LINS1,1.0
ROR2,1.0
LIN28A,1.0
LIMK1,1.0
MAB21L1,1.0
RORC,1.0
LILRB4,1.0
MAPK7,1.0
WDR55,1.0
WDR12,1.0
MAGI1,1.0
LILRB1,1.0
TSC1,1.0
PZP,1.0
MALL,1.0
LIG4,1.0
LIG3,1.0
MAML2,1.0
MAN1A1,1.0
RFX2,1.0
WNT4,1.0
LONRF3,1.0
LOXL1,1.0
LPAR5,1.0
ZAP70,1.0
LRRC3,1.0
RABL2B,1.0
RIDA,1.0
RILPL2,1.0
YJEFN3,1.0
ZBTB25,1.0
LRRTM1,1.0
RIOX1,1.0
YIF1B,1.0
RHEB,1.0
LRCH1,1.0
RNF112,1.0
RNF121,1.0
WWTR1,1.0
RGN,1.0
LPXN,1.0
RNF180,1.0
LTB4R2,1.0
LTBP1,1.0
WWP2,1.0
WWOX,1.0
LPIN1,1.0
RFX5,1.0
LUM,1.0
VPS50,1.0
RPAP1,1.0
PYCARD,1.0
USP27X,1.0
PTPN5,1.0
PTPN22,1.0
MAP3K14,1.0
MAP3K20,1.0
RUBCN,1.0
UNC45A,1.0
RAP2A,1.0
MAP4K2,1.0
UNC13A,1.0
MAP4K5,1.0
RAPGEF6,1.0
LAT,1.0
ZMYM3,1.0
RELN,1.0
LRRC20,1.0
RELB,1.0
RECQL,1.0
ZMYND10,1.0
RWDD1,1.0
RYR1,1.0
S1PR5,1.0
MAPK14,1.0
PTK6,1.0
SAA4,1.0
RDM1,1.0
MAP2K5,1.0
LCAT,1.0
LGR5,1.0
RTKN2,1.0
RFX1,1.0
MANEA,1.0
MAOA,1.0
PWP1,1.0
RFPL3,1.0
RPAP3,1.0
VPS13A,1.0
MAP1A,1.0
ZEB2,1.0
RFC4,1.0
LEPR,1.0
LEP,1.0
ZFAT,1.0
LDLRAD4,1.0
RFC3,1.0
VCAM1,1.0
VAV1,1.0
PTTG1,1.0
RETREG1,1.0
VAPB,1.0
VAMP3,1.0
LCNL1,1.0
RRS1,1.0
RSRC1,1.0
ZFYVE1,1.0
PTPN13,1.0
SIRT3,1.0
SETDB1,1.0
TBC1D22B,1.0
SNX15,1.0
TADA2A,1.0
TAFA5,1.0
NUP62,1.0
NUP214,1.0
TASOR2,1.0
TBC1D30,1.0
TACR3,1.0
PKD1L1,1.0
NUDCD2,1.0
NUDCD1,1.0
TBP,1.0
PKHD1,1.0
SNTB2,1.0
NXF3,1.0
TACR2,1.0
SNRPD1,1.0
SYTL2,1.0
SWT1,1.0
SYK,1.0
ORAI2,1.0
SYNM,1.0
SYNRG,1.0
SYP,1.0
OCRL,1.0
NXPH4,1.0
OCM2,1.0
PIP4K2A,1.0
TAC3,1.0
PITHD1,1.0
TACR1,1.0
OBP2A,1.0
NTSR1,1.0
TBX19,1.0
PNPLA3,1.0
TGM1,1.0
PLK4,1.0
TGFA,1.0
NR1H3,1.0
SMOC1,1.0
SMO,1.0
NQO1,1.0
NPR1,1.0
TET2,1.0
NPPA,1.0
SMARCAD1,1.0
THAP2,1.0
THAP3,1.0
PMS2,1.0
NOS1AP,1.0
PLG,1.0
NRP1,1.0
PLA2G5,1.0
NT5DC3,1.0
PLA2G6,1.0
NTMT1,1.0
SNHG8,1.0
SNHG17,1.0
NTF3,1.0
PLCE1,1.0
PLD1,1.0
PLEKHO1,1.0
TDRD7,1.0
PLD2,1.0
SNAI1,1.0
TEFM,1.0
PLEKHB2,1.0
SMTN,1.0
SNX16,1.0
OSM,1.0
OSR2,1.0
PHETA1,1.0
PCDH18,1.0
SPAAR,1.0
SP110,1.0
PHB,1.0
SP1,1.0
PBX3,1.0
PHEX,1.0
PGD,1.0
PBLD,1.0
PBDC1,1.0
STAC3,1.0
STAR,1.0
SOX2,1.0
STAU2,1.0
PCDHA2,1.0
PCP2,1.0
PIK3R2,1.0
PELO,1.0
SPIB,1.0
PDLIM4,1.0
PECAM1,1.0
PEF1,1.0
SPATA7,1.0
SPIN2A,1.0
PDGFRB,1.0
PCSK1,1.0
SPON1,1.0
PDGFB,1.0
SPAG8,1.0
SQLE,1.0
PDE10A,1.0
SRD5A1,1.0
PARM1,1.0
PHF7,1.0
SOX10,1.0
SUPV3L1,1.0
PAH,1.0
SOAT1,1.0
PAEP,1.0
PIK3CG,1.0
SNX4,1.0
SNX30,1.0
SNX19,1.0
SOX1,1.0
SV2C,1.0
P2RY13,1.0
P2RX5,1.0
SVIL,1.0
OXSR1,1.0
OXSM,1.0
STX7,1.0
STX1A,1.0
PAK1,1.0
PAK1IP1,1.0
STMN3,1.0
STMN1,1.0
SOD3,1.0
STK4,1.0
STK39,1.0
STK35,1.0
PALMD,1.0
STK33,1.0
PANX1,1.0
STK31,1.0
STK16,1.0
STIM1,1.0
SOSTDC1,1.0
SMAD1,1.0
PNPT1,1.0
TRPV4,1.0
TRAF2,1.0
SLC10A1,1.0
TPTE,1.0
SLAMF6,1.0
MYH11,1.0
SKP2,1.0
MYCL,1.0
SIRT7,1.0
MYO1B,1.0
MX1,1.0
PRKCQ,1.0
MVD,1.0
PRKD1,1.0
TRDC,1.0
TREM2,1.0
MYNN,1.0
TOR1A,1.0
MTRF1,1.0
TNXB,1.0
PPP4R4,1.0
PRAME,1.0
TNFSF14,1.0
PRDM12,1.0
TNK2,1.0
N4BP2,1.0
MYOT,1.0
TOP1MT,1.0
SLC17A7,1.0
TOM1L2,1.0
MYO5B,1.0
PRG2,1.0
MYO5A,1.0
SLC12A6,1.0
TREX2,1.0
PRKRA,1.0
THBD,1.0
SFSWAP,1.0
MRGPRX2,1.0
PRRG2,1.0
TRPC3,1.0
SFXN1,1.0
MPZ,1.0
TRPC6,1.0
SFRP4,1.0
SH2B2,1.0
PSENEN,1.0
TRPM2,1.0
MPDZ,1.0
PSIP1,1.0
TRPS1,1.0
TRPV1,1.0
SGSH,1.0
TRO,1.0
PRLR,1.0
PROP1,1.0
SIRPA,1.0
TRIB3,1.0
MTHFD1,1.0
SIMC1,1.0
PRMT9,1.0
TRIM23,1.0
MT1A,1.0
PRR11,1.0
MST1R,1.0
SHFL,1.0
MSI2,1.0
SHC4,1.0
SH3BGR,1.0
PRPS1,1.0
NANOG,1.0
SLC1A1,1.0
NAT10,1.0
TIAM1,1.0
SLC6A2,1.0
NGDN,1.0
SLC5A7,1.0
SLC5A5,1.0
THYN1,1.0
POLR2E,1.0
NFATC4,1.0
NIN,1.0
TIAM2,1.0
SLC5A2,1.0
NFATC1,1.0
SLC4A1AP,1.0
POMT1,1.0
TINAGL1,1.0
THRB,1.0
NINJ1,1.0
PPP2R3C,1.0
POLE,1.0
SLFN11,1.0
NOL4,1.0
NODAL,1.0
SLCO2B1,1.0
POLB,1.0
SLC9A1,1.0
THBS2,1.0
SLC6A3,1.0
NMB,1.0
NLRP7,1.0
SLC7A7,1.0
NLRP11,1.0
NLRP1,1.0
THEMIS2,1.0
TIPARP,1.0
SLC3A1,1.0
NEUROG2,1.0
NCR1,1.0
SLC29A3,1.0
SLC25A40,1.0
NDUFA3,1.0
NDRG1,1.0
PPP1R7,1.0
NCS1,1.0
TMPRSS2,1.0
PORCN,1.0
TMUB2,1.0
SLC22A9,1.0
NCK1,1.0
TNFAIP8,1.0
PPP1R9B,1.0
SLC22A2,1.0
PPM1H,1.0
NEBL,1.0
NECTIN1,1.0
TMEM45B,1.0
TMEM39A,1.0
NEK1,1.0
TMEM120B,1.0
TMEM119,1.0
PPARD,1.0
TMA16,1.0
TLR4,1.0
PPARA,1.0
TLR10,1.0
POU1F1,1.0
POTEJ,1.0
POTEI,1.0
POSTN,1.0
A2ML1,1.0
LMBR1L,1.0
ZYX,1.0
CCNA2,1.0
CC2D1A,1.0
GRM5,1.0
GRK5,1.0
CCDC113,1.0
CCDC124,1.0
CCDC137,1.0
CCDC33,1.0
CCDC43,1.0
CCDC51,1.0
CCDC61,1.0
GPRC5B,1.0
GPRASP1,1.0
DDR2,1.0
CCL14,1.0
GPR63,1.0
GPR37L1,1.0
CCL2,1.0
GRWD1,1.0
CBR1,1.0
CBLN4,1.0
HAP1,1.0
CALCA,1.0
HCN2,1.0
HCFC1,1.0
HCAR2,1.0
HAX1,1.0
CAND1,1.0
CARD10,1.0
CASP8AP2,1.0
GSK3B,1.0
CASP9,1.0
CAVIN3,1.0
CBARP,1.0
CBL,1.0
CBLB,1.0
CBLIF,1.0
GSTM3,1.0
CCN4,1.0
GPR149,1.0
CACNG4,1.0
GPR137,1.0
CD300C,1.0
CD320,1.0
GIPC2,1.0
CD34,1.0
GIMAP8,1.0
CD38,1.0
GH1,1.0
CD3G,1.0
GGT1,1.0
GDF5,1.0
CD5,1.0
GDA,1.0
CD7,1.0
GCN1,1.0
CD84,1.0
GATA6,1.0
CD93,1.0
CD28,1.0
CD226,1.0
CD2,1.0
GNRH1,1.0
GPR135,1.0
CCNB1,1.0
CCNB3,1.0
GPHN,1.0
CCND3,1.0
GP5,1.0
CCNE1,1.0
GNPAT,1.0
GLP1R,1.0
GNB3,1.0
GNAQ,1.0
GNAI1,1.0
GLS2,1.0
CD101,1.0
CD163,1.0
CD19,1.0
CADM4,1.0
HDAC3,1.0
GAS2L1,1.0
HS6ST2,1.0
IDH1,1.0
ICOSLG,1.0
AURKC,1.0
BAG2,1.0
HTRA1,1.0
HTR5A,1.0
HTR4,1.0
HTR2B,1.0
BCCIP,1.0
HSPBP1,1.0
BCL11A,1.0
BCL11B,1.0
HSPB8,1.0
HSPB3,1.0
BCL2L2,1.0
BDKRB1,1.0
HSD17B10,1.0
ATXN7L2,1.0
IDH2,1.0
ATXN1L,1.0
ATG16L1,1.0
IGSF9B,1.0
ARMC5,1.0
ARMH3,1.0
ASH2L,1.0
IGF2BP3,1.0
IGF2,1.0
ATAD3A,1.0
ATG2A,1.0
IFIT1,1.0
ATG7,1.0
ATOH7,1.0
IFNA7,1.0
ATP10D,1.0
ATP13A2,1.0
ATP6V1H,1.0
ATPAF1,1.0
BEAN1,1.0
HS3ST3A1,1.0
HDAC4,1.0
BEX2,1.0
BTBD9,1.0
BTK,1.0
BTLA,1.0
HMGB2,1.0
HMCN1,1.0
BVES,1.0
HFE,1.0
C4A,1.0
C6,1.0
CA12,1.0
CA4,1.0
CA9,1.0
CABP4,1.0
HEATR6,1.0
CACNA1D,1.0
HEATR5A,1.0
CACNA2D1,1.0
BRSK2,1.0
HNF1B,1.0
HNF4A,1.0
BMPER,1.0
BFSP1,1.0
BGN,1.0
BIK,1.0
BLOC1S2,1.0
BMP2,1.0
HPS5,1.0
HPRT1,1.0
HPCAL1,1.0
HOOK3,1.0
BNC1,1.0
BOLL,1.0
HOXD10,1.0
BRCA1,1.0
BRDT,1.0
BRI3BP,1.0
HOPX,1.0
CDAN1,1.0
GANC,1.0
IKBKB,1.0
DPYD,1.0
EIF2AK2,1.0
CSF3,1.0
CSPP1,1.0
CSRP1,1.0
EFS,1.0
CST7,1.0
EED,1.0
DYDC1,1.0
DUSP28,1.0
DUSP13,1.0
DTX1,1.0
DTNBP1,1.0
DSC3,1.0
DRD5,1.0
CTSH,1.0
DRD1,1.0
DRC1,1.0
EIF4EBP1,1.0
EIF4ENIF1,1.0
EIF5AL1,1.0
CRYAA,1.0
EPHB4,1.0
EPHA2,1.0
EPHA1,1.0
ENTPD1,1.0
ENPP2,1.0
CRIPT,1.0
ENOX1,1.0
EMC4,1.0
EIPR1,1.0
CRYBG1,1.0
ELOC,1.0
CRYGS,1.0
ELK3,1.0
CSE1L,1.0
ELAC2,1.0
ELAC1,1.0
DRAM1,1.0
DPY19L2,1.0
EPOR,1.0
DPF2,1.0
DHX29,1.0
DHRS1,1.0
DHODH,1.0
DHFR,1.0
CYSLTR2,1.0
DHCR7,1.0
DGAT1,1.0
DERL3,1.0
DAB2,1.0
DACT2,1.0
DAOA,1.0
DEFA1,1.0
DAZL,1.0
DDX53,1.0
DDX31,1.0
DDX28,1.0
DDB2,1.0
CYSLTR1,1.0
DIABLO,1.0
DIP2B,1.0
CYBC1,1.0
DPAGT1,1.0
CUL2,1.0
DOK5,1.0
KLF16,1.0
CXCR4,1.0
CXCR6,1.0
CYBB,1.0
DNAJB5,1.0
DISC1,1.0
CYHR1,1.0
DNAH10,1.0
DMRT2,1.0
CYP20A1,1.0
DLK1,1.0
DKK3,1.0
DKK1,1.0
EPHB6,1.0
CPEB1,1.0
GALK1,1.0
FLT4,1.0
FREM2,1.0
CDX2,1.0
CEACAM3,1.0
CEACAM8,1.0
CEBPA,1.0
CEMIP2,1.0
CEP44,1.0
CEP55,1.0
CFAP43,1.0
CFAP47,1.0
CFLAR,1.0
FOXA1,1.0
FOSL1,1.0
CH25H,1.0
CHEK1,1.0
FNDC5,1.0
FNDC3A,1.0
FRMD6,1.0
FRZB,1.0
CDKN2AIP,1.0
CDK3,1.0
CDC42BPG,1.0
GABRG1,1.0
CDH3,1.0
GAB1,1.0
CDK18,1.0
FZD6,1.0
CDK2,1.0
FZD3,1.0
CDKAL1,1.0
FZD1,1.0
FYN,1.0
FXR2,1.0
FUT8,1.0
CDK7,1.0
FUT3,1.0
FUBP3,1.0
CHRM1,1.0
FLT3LG,1.0
ERC1,1.0
CHRM2,1.0
CNTNAP3,1.0
CNTROB,1.0
FAM53C,1.0
FAM117B,1.0
FAM110A,1.0
FADS2,1.0
FABP3,1.0
F5,1.0
F2RL3,1.0
EZH2,1.0
EZH1,1.0
COQ8A,1.0
ETS1,1.0
CORO1B,1.0
ERMAP,1.0
ERCC5,1.0
ERCC4,1.0
FANCI,1.0
FAP,1.0
FAT2,1.0
CKAP2,1.0
FLT1,1.0
FLNC,1.0
FLI1,1.0
FIBCD1,1.0
FH,1.0
CHRNB4,1.0
CIDEC,1.0
CLEC16A,1.0
FBLN5,1.0
CLEC4D,1.0
CLEC6A,1.0
FCRL5,1.0
CLIC6,1.0
CLK3,1.0
FCGR2B,1.0
FBXO33,1.0
ARHGEF7,1.0
DDIT3,1.0
AJAP1,1.0
ADAMTS14,1.0
IL15,1.0
KCNK12,1.0
KCNK6,1.0
ITGA7,1.0
ACAA2,1.0
IL33,1.0
ADORA1,1.0
ANGPTL7,1.0
AHRR,1.0
AP5B1,1.0
ABCF3,1.0
KATNA1,1.0
INPP4B,1.0
AMACR,1.0
ADGRA1,1.0
INO80D,1.0
KANK2,1.0
KCNJ1,1.0
ABCD4,1.0
KCNJ9,1.0
ABCD1,1.0
AP3M2,1.0
IL36G,1.0
APLN,1.0
AMER1,1.0
AKAP4,1.0
AKR1B1,1.0
INSC,1.0
IRF2BP1,1.0
APOBEC3D,1.0
KCNK4,1.0
ACP5,1.0
KDM8,1.0
ABL1,1.0
APC,1.0
ABI3,1.0
ABHD6,1.0
KDM6A,1.0
IPO11,1.0
ADAMTS12,1.0
IL17RB,1.0
ANKRD33B,1.0
ABO,1.0
KDM3A,1.0
ALOX12,1.0
APEX2,1.0
KCNK15,1.0
KHK,1.0
AIF1,1.0
KHSRP,1.0
INSM1,1.0
APAF1,1.0
ALOX15,1.0
KIAA2013,1.0
KCNIP2,1.0
KCTD5,1.0
KCTD20,1.0
IL16,1.0
ANKZF1,1.0
KIR2DL4,1.0
ACTL7A,1.0
AP1B1,1.0
INHA,1.0
ALDH1B1,1.0
ACACB,1.0
IL5RA,1.0
IL7,1.0
ABCA8,1.0
IKZF4,1.0
ALG6,1.0
ANXA8,1.0
ABCA1,1.0
AFG1L,1.0
ILK,1.0
ITGB7,1.0
ADRB3,1.0
KLF12,1.0
AARSD1,1.0
AOC3,1.0
IL22,1.0
ITIH1,1.0
ITIH5,1.0
ACYP2,1.0
AAR2,1.0
IKBKG,1.0
ARG2,1.0
AOX1,1.0
KCNRG,1.0
ITPR1,1.0
ACAP1,1.0
AR,1.0
ITGA1,1.0
ACE,1.0
ACTN1,1.0
AP1M1,1.0
ITGA2,1.0
KCNN3,1.0
INKA2,1.0
ADAM8,1.0
IL11RA,1.0
JAZF1,1.0
KCNJ16,1.0
ABCC6,1.0
IL10RA,1.0
ABL2,1.0
ADRB2,1.0
JAM2,1.0
ADRA2A,1.0
ACVR1,1.0
ANPEP,1.0
SLIT3,0.0
SLITRK2,0.0
SLC9A3,0.0
ZBED9,0.0
CLCN5,0.0
CLEC14A,0.0
SLITRK1,0.0
ADAMTS19,0.0
CLEC7A,0.0
CLEC4C,0.0
CLEC4A,0.0
CLEC5A,0.0
SLCO2A1,0.0
CLDN1,0.0
SLITRK5,0.0
CLEC12A,0.0
CLEC2A,0.0
SLCO1B1,0.0
CLDN18,0.0
SLITRK4,0.0
CLDN5,0.0
SLCO1C1,0.0
CLEC10A,0.0
CLEC4M,0.0
CNGB1,0.0
ZBP1,0.0
SLC2A9,0.0
SLC2A4,0.0
ADAMDEC1,0.0
SLC2A3,0.0
SLC2A2,0.0
CNTN2,0.0
CNTN6,0.0
ZBTB3,0.0
SLC29A1,0.0
SLC26A3,0.0
CNTNAP1,0.0
ZBTB33,0.0
CNTNAP4,0.0
ADAM33,0.0
COBLL1,0.0
COCH,0.0
SLC25A13,0.0
COL10A1,0.0
SLC25A10,0.0
COL11A1,0.0
ADAM12,0.0
SLC24A4,0.0
SLC24A1,0.0
SLC23A2,0.0
COL17A1,0.0
SLC22A8,0.0
ZBTB48,0.0
ZBTB49,0.0
CNTLN,0.0
ZBTB16,0.0
CLEC9A,0.0
SLC30A7,0.0
CLGN,0.0
SLC7A11,0.0
CLIC3,0.0
SLC6A5,0.0
SLC6A4,0.0
ADAMTS1,0.0
SLC6A17,0.0
SLC6A12,0.0
SLC6A1,0.0
CLN3,0.0
CLNK,0.0
CMA1,0.0
CMKLR1,0.0
CMTM5,0.0
CMYA5,0.0
SLC4A1,0.0
CNDP1,0.0
CNGB3,0.0
CNMD,0.0
CNN1,0.0
CNNM1,0.0
CNR2,0.0
SLC38A7,0.0
CNRIP1,0.0
SLC35G2,0.0
CNTF,0.0
SLC30A8,0.0
CLCN4,0.0
TYRO3,0.0
CKS2,0.0
ADAMTS2,0.0
SOX8,0.0
SOX6,0.0
CDKL1,0.0
SOX30,0.0
SOX21,0.0
CDKL3,0.0
CDKN2A,0.0
SOX18,0.0
XIRP1,0.0
SOX14,0.0
ADRA1B,0.0
SOX11,0.0
ADRA1A,0.0
CDKN2B,0.0
CDKN3,0.0
CDSN,0.0
CDX1,0.0
ADORA3,0.0
CEACAM1,0.0
ADORA2B,0.0
ADORA2A,0.0
SORCS1,0.0
SOHLH2,0.0
CELSR3,0.0
CENPA,0.0
SOCS2,0.0
CENPF,0.0
CEP128,0.0
SNX8,0.0
ADRA1D,0.0
XDH,0.0
CDK9,0.0
SPATA16,0.0
SPI1,0.0
SPHK1,0.0
CDH16,0.0
CDH2,0.0
SPDYA,0.0
CDH22,0.0
CDH23,0.0
WRN,0.0
CDH5,0.0
CDH7,0.0
SPATA4,0.0
SPATA22,0.0
CDHR1,0.0
CDHR2,0.0
XCR1,0.0
SPANXB1,0.0
CDK1,0.0
CDK14,0.0
SPAG5,0.0
WT1,0.0
AEBP1,0.0
ADTRP,0.0
CDK5,0.0
SP9,0.0
ADRA2B,0.0
XCL2,0.0
CDK6,0.0
SP140,0.0
CEP170,0.0
CEP19,0.0
ADM,0.0
CHRNA2,0.0
YIPF1,0.0
ADGRD2,0.0
ADGRD1,0.0
CHRM3,0.0
ADGRB2,0.0
ADGRB1,0.0
ADGRA2,0.0
CHRM4,0.0
SMPDL3B,0.0
SLC22A4,0.0
SMPD3,0.0
CHRM5,0.0
ADCYAP1,0.0
SMOC2,0.0
ADGRE1,0.0
CHRNA4,0.0
CHRNA5,0.0
CHRNA6,0.0
CHRNA7,0.0
CHRNB1,0.0
SMC4,0.0
CHRNB2,0.0
CHRNB3,0.0
ADAMTS5,0.0
CHST8,0.0
ADAMTS4,0.0
CILP2,0.0
CIP2A,0.0
SMYD3,0.0
SNAI2,0.0
SNX29,0.0
XRCC4,0.0
ADIPOR2,0.0
CEP85,0.0
CES1,0.0
CETP,0.0
ADIPOQ,0.0
ADGRL4,0.0
SNX10,0.0
CFC1,0.0
XRCC2,0.0
SNTG2,0.0
CFP,0.0
CGAS,0.0
XRCC3,0.0
CGB3,0.0
CHRDL2,0.0
CGRRF1,0.0
ADGRG6,0.0
CHAF1A,0.0
CHD5,0.0
ADGRG5,0.0
ADGRE5,0.0
ADGRE2,0.0
SNHG11,0.0
CHEK2,0.0
CHIT1,0.0
SNCA,0.0
SNAP47,0.0
SNAP25,0.0
COL23A1,0.0
SLAMF1,0.0
COL25A1,0.0
SERPINA12,0.0
CXCL9,0.0
CXCR1,0.0
CXCR2,0.0
CXCR3,0.0
CXCR5,0.0
ZNF346,0.0
ABCG2,0.0
CYFIP2,0.0
ZNF408,0.0
CYP11A1,0.0
SCN9A,0.0
SCN8A,0.0
SCN7A,0.0
SCN4B,0.0
SCN3A,0.0
SCML2,0.0
CYP11B2,0.0
CYP17A1,0.0
ZNF410,0.0
SCGN,0.0
CYP19A1,0.0
ZNF449,0.0
SCGB1D1,0.0
SCG5,0.0
SCG2,0.0
CYP1A1,0.0
SCARB1,0.0
CYP1A2,0.0
CYP1B1,0.0
CXCL13,0.0
CXCL12,0.0
CXCL11,0.0
ZNF142,0.0
SEPTIN6,0.0
CTCFL,0.0
SEPTIN4,0.0
CTH,0.0
CTHRC1,0.0
ABTB1,0.0
ZMYND19,0.0
SEMA7A,0.0
CTLA4,0.0
CTNND2,0.0
CTRL,0.0
CTSC,0.0
CTSG,0.0
CTSK,0.0
CXCL10,0.0
CTSW,0.0
ZNF165,0.0
SELP,0.0
ZNF232,0.0
SELL,0.0
CTXN3,0.0
SELENBP1,0.0
SELE,0.0
CUBN,0.0
ABI3BP,0.0
CUX2,0.0
CX3CR1,0.0
ABHD11,0.0
CYP24A1,0.0
SBNO1,0.0
CYP27B1,0.0
DBN1,0.0
ZNF804A,0.0
ABCB6,0.0
ZNF829,0.0
DAB1,0.0
ABCB4,0.0
ZSCAN1,0.0
DACH2,0.0
ABCB1,0.0
RUNX1T1,0.0
DAO,0.0
RUBCNL,0.0
ABCA3,0.0
RTN4IP1,0.0
RTN1,0.0
ZNF8,0.0
ABAT,0.0
DCDC1,0.0
RTL1,0.0
DCLK1,0.0
DCN,0.0
DCT,0.0
DCX,0.0
RSPO3,0.0
RSPO2,0.0
RSPH9,0.0
RSAD2,0.0
RS1,0.0
DDC,0.0
RWDD4,0.0
ABCC12,0.0
SATB2,0.0
CYP46A1,0.0
SATB1,0.0
ZNF469,0.0
CYP2A6,0.0
CYP2C19,0.0
CYP2C8,0.0
CYP2C9,0.0
SAPCD2,0.0
CYP2D6,0.0
CYP3A5,0.0
SAMD5,0.0
ABCC9,0.0
SAMD4A,0.0
SALL4,0.0
SACS,0.0
ABCC2,0.0
SAC3D1,0.0
CYP4B1,0.0
CYP4F2,0.0
CYP7A1,0.0
S1PR1,0.0
S100A3,0.0
ABCC8,0.0
S100A1,0.0
RXRA,0.0
RXFP3,0.0
ABCC4,0.0
RXFP2,0.0
RXFP1,0.0
CTAG1B,0.0
SERPINA3,0.0
ADA,0.0
SERPINA5,0.0
CPA5,0.0
CPA6,0.0
ZCCHC2,0.0
ACTBL2,0.0
CPB2,0.0
SIRT2,0.0
ACRV1,0.0
SIRPG,0.0
SIRPB1,0.0
CPEB3,0.0
ZDHHC17,0.0
CPLX3,0.0
CPNE9,0.0
CPS1,0.0
CPVL,0.0
CPXM2,0.0
CPZ,0.0
CR1,0.0
SIGLEC9,0.0
SIGLEC7,0.0
ZDHHC22,0.0
SIGLEC6,0.0
SIGLEC11,0.0
SIGLEC1,0.0
SIGIRR,0.0
CR2,0.0
CRB2,0.0
SHROOM1,0.0
SHOX,0.0
CPA4,0.0
SKA3,0.0
CORT,0.0
SLC17A6,0.0
SLC22A12,0.0
SLC22A1,0.0
COL2A1,0.0
COL4A2,0.0
SLC1A3,0.0
SLC1A2,0.0
COL4A3,0.0
SLC19A1,0.0
ZC3H12D,0.0
SLC18A2,0.0
ACVRL1,0.0
SLC17A8,0.0
COL4A4,0.0
COL4A5,0.0
CDCA3,0.0
COL5A2,0.0
COL7A1,0.0
SLC16A1,0.0
SLC15A1,0.0
COLEC12,0.0
COLQ,0.0
ACTN2,0.0
COMP,0.0
SLC11A1,0.0
SLAMF8,0.0
SLAMF7,0.0
ZC4H2,0.0
CORIN,0.0
CREB5,0.0
CREG2,0.0
ZEB1,0.0
CST2,0.0
ZIC2,0.0
CSF2RB,0.0
ZIC4,0.0
SFRP5,0.0
CSF3R,0.0
SFRP1,0.0
CSNK1A1L,0.0
CSPG4,0.0
ZMIZ1,0.0
CSRP3,0.0
SEZ6L2,0.0
SEZ6L,0.0
CST1,0.0
CST4,0.0
ZHX3,0.0
ACAP2,0.0
CST5,0.0
SERPINI2,0.0
SERPINF2,0.0
SERPINE1,0.0
SERPIND1,0.0
SERPINC1,0.0
SERPINB9,0.0
SERPINB7,0.0
SERPINB5,0.0
SERPINB4,0.0
SERPINB2,0.0
SERPINA9,0.0
CSF2RA,0.0
ZGRF1,0.0
CRH,0.0
ACOD1,0.0
CRHR1,0.0
ACRBP,0.0
CRHR2,0.0
ZER1,0.0
ACPP,0.0
CRNDE,0.0
CRNN,0.0
CRTAC1,0.0
SHBG,0.0
CRTAM,0.0
SHANK3,0.0
SH3TC2,0.0
SH3RF2,0.0
CRYBB3,0.0
SGCA,0.0
ZFHX4,0.0
ZFP57,0.0
CRYGC,0.0
ACKR3,0.0
SH2D3C,0.0
SH2D2A,0.0
SH2D1B,0.0
SH2D1A,0.0
ACHE,0.0
CSF1R,0.0
ACE2,0.0
ZFYVE21,0.0
CSF2,0.0
CDCA7L,0.0
CD80,0.0
CDCA2,0.0
TNFRSF13B,0.0
UPK3B,0.0
TNFSF13B,0.0
BRCA2,0.0
TNFSF12,0.0
TNFSF11,0.0
TNFRSF9,0.0
TNFRSF8,0.0
TNFRSF6B,0.0
TNFRSF1B,0.0
BRINP1,0.0
TNFRSF18,0.0
TNFRSF17,0.0
BRIP1,0.0
TNFRSF13C,0.0
BRIX1,0.0
CAMK2A,0.0
AOAH,0.0
TNFRSF11B,0.0
TNFRSF11A,0.0
ANXA10,0.0
TNFRSF10C,0.0
BST1,0.0
ANP32E,0.0
TNF,0.0
USP29,0.0
BTNL2,0.0
ANO3,0.0
BUB1,0.0
BUB1B,0.0
ANKRD44,0.0
TNFSF15,0.0
TNFSF18,0.0
TNFSF4,0.0
TNFSF8,0.0
BHMT,0.0
TOX4,0.0
TOX2,0.0
TOX,0.0
BIRC5,0.0
BIRC7,0.0
TOP3B,0.0
BLK,0.0
TOP2A,0.0
BLM,0.0
BLNK,0.0
TONSL,0.0
UNC119,0.0
BMP5,0.0
BMP6,0.0
BMP7,0.0
BMP8A,0.0
UNC5A,0.0
BMP8B,0.0
TNR,0.0
AP3B2,0.0
TNNT2,0.0
TNNI3,0.0
TNMD,0.0
UPK1A,0.0
BNC2,0.0
UPK2,0.0
TNFSF9,0.0
UPK3A,0.0
TMTC3,0.0
TMPRSS6,0.0
C11orf96,0.0
UTS2,0.0
CACNA1G,0.0
VAMP5,0.0
CACNA1H,0.0
TM6SF2,0.0
TM4SF5,0.0
TLR9,0.0
TLR8,0.0
TLR7,0.0
TLR6,0.0
ANGPTL8,0.0
CACNG3,0.0
ANGPTL6,0.0
CACNG5,0.0
CADM3,0.0
TLR1,0.0
VAV3,0.0
CALB1,0.0
TLE6,0.0
TKTL1,0.0
CALB2,0.0
TK1,0.0
CALCB,0.0
VAX1,0.0
CALCR,0.0
CALCRL,0.0
CALML3,0.0
TINAG,0.0
TIMP4,0.0
CALR3,0.0
ANK1,0.0
TMEFF2,0.0
TMPRSS13,0.0
TMEM100,0.0
TMPRSS11E,0.0
C1QL3,0.0
ANKRD40,0.0
TMIGD2,0.0
C1QTNF1,0.0
C3AR1,0.0
C5,0.0
USP6,0.0
TMEM43,0.0
C7,0.0
C8B,0.0
TMEM255B,0.0
TMEM237,0.0
C8G,0.0
TMEM201,0.0
TMEM200A,0.0
C9,0.0
TMEM185A,0.0
CA10,0.0
ANKRD30A,0.0
CA14,0.0
TMEM130,0.0
TMEM126A,0.0
USP9Y,0.0
ANKRD13D,0.0
ANKK1,0.0
CABYR,0.0
CACNA1B,0.0
CACNA1C,0.0
UMOD,0.0
BFSP2,0.0
TP63,0.0
ATG10,0.0
UBD,0.0
ATL1,0.0
TSPAN7,0.0
ATOH1,0.0
TSPAN31,0.0
UBE2C,0.0
TSPAN18,0.0
AQP9,0.0
AQP8,0.0
AQP5,0.0
ATP6V1B1,0.0
TSPAN10,0.0
TSLP,0.0
TSHZ1,0.0
TSHR,0.0
ATP7B,0.0
AQP4,0.0
APOL3,0.0
UBE2T,0.0
TSBP1,0.0
APOBEC3G,0.0
APOBEC3B,0.0
AUNIP,0.0
TRPV6,0.0
APLNR,0.0
AURKA,0.0
AURKB,0.0
TRPM8,0.0
AVPR1A,0.0
TSPY1,0.0
UBASH3A,0.0
AVPR1B,0.0
TSSK1B,0.0
ARHGEF2,0.0
ARHGAP36,0.0
ARID3B,0.0
TXNDC16,0.0
ARMC7,0.0
ARG1,0.0
TWIST2,0.0
TWIST1,0.0
ARR3,0.0
ART3,0.0
ART4,0.0
ARX,0.0
ASCC2,0.0
ASCL1,0.0
TUBB3,0.0
ASCL2,0.0
TUBB2A,0.0
ASF1B,0.0
UBAP2,0.0
ARC,0.0
ASIC1,0.0
TTK,0.0
TTI1,0.0
ASPM,0.0
ASPN,0.0
TTC23L,0.0
ASTN2,0.0
TTC12,0.0
TSSK3,0.0
TRPM6,0.0
TRPM3,0.0
TP73,0.0
APLF,0.0
TREML2,0.0
BCHE,0.0
TREM1,0.0
APH1B,0.0
BCKDK,0.0
APELA,0.0
BCL2A1,0.0
UGT1A1,0.0
BCL2L11,0.0
BCL2L12,0.0
UGT1A4,0.0
TRAF3IP3,0.0
BCL6B,0.0
TRAF3,0.0
BCL7C,0.0
TRAF1,0.0
BCORL1,0.0
TPX2,0.0
UGT1A9,0.0
TPSG1,0.0
BDNF,0.0
UGT2B17,0.0
TPPP,0.0
APCDD1,0.0
TPH2,0.0
UHRF1,0.0
TPH1,0.0
ULBP2,0.0
ULK2,0.0
TREX1,0.0
TRH,0.0
AVPR2,0.0
TRHR,0.0
TRPM1,0.0
TRPC7,0.0
B3GAT1,0.0
TRPC5,0.0
TRPC4,0.0
BAALC,0.0
BAAT,0.0
TRPA1,0.0
BACH2,0.0
BAD,0.0
UCA1,0.0
BANK1,0.0
TRIM67,0.0
TRIM66,0.0
BAP1,0.0
TRIM55,0.0
UCHL1,0.0
BARD1,0.0
BARHL2,0.0
TRIM29,0.0
UCN,0.0
BARX2,0.0
BATF,0.0
BATF3,0.0
BAX,0.0
TRIM21,0.0
BCAN,0.0
BCAR1,0.0
BCAR4,0.0
CAMK1,0.0
TIMM29,0.0
WRAP73,0.0
CD209,0.0
STX11,0.0
CD180,0.0
STS,0.0
WDHD1,0.0
AIF1L,0.0
CD1A,0.0
STRIP2,0.0
CD1B,0.0
STOML1,0.0
CD1C,0.0
STMN2,0.0
CD1D,0.0
CD1E,0.0
CD207,0.0
WDR37,0.0
ANGPTL4,0.0
STK32C,0.0
STK32A,0.0
CD244,0.0
STK3,0.0
CD247,0.0
CD248,0.0
CD27,0.0
CD274,0.0
STIL,0.0
STH,0.0
AICDA,0.0
CD300A,0.0
CD300E,0.0
AHSG,0.0
CD177,0.0
WDFY4,0.0
CD160,0.0
CD14,0.0
VSX2,0.0
CCNB2,0.0
SYT16,0.0
CCND2,0.0
AKR1C3,0.0
SYNPO2,0.0
WARS,0.0
SYNGR3,0.0
CCR1,0.0
SYCP1,0.0
WAS,0.0
CCR2,0.0
CCR4,0.0
SVEP1,0.0
CCR5,0.0
SUV39H1,0.0
CCR6,0.0
AIRE,0.0
CCR7,0.0
CCR8,0.0
CCR9,0.0
AIP,0.0
SULT2A1,0.0
CCRL2,0.0
SULF2,0.0
SULF1,0.0
AIM2,0.0
CD109,0.0
STYK1,0.0
WDR72,0.0
CD33,0.0
CD36,0.0
WNT2,0.0
AGMAT,0.0
SRFBP1,0.0
CD79A,0.0
CD79B,0.0
SREBF1,0.0
TYMS,0.0
SRD5A2,0.0
WNT3A,0.0
SRCIN1,0.0
CD86,0.0
AGER,0.0
SRC,0.0
AFM,0.0
CD96,0.0
CDA,0.0
SPZ1,0.0
SPTA1,0.0
WNT9A,0.0
SPRYD7,0.0
SPRY2,0.0
CDC14A,0.0
CDC20,0.0
SPON2,0.0
CDC25A,0.0
SPOCK1,0.0
SPO11,0.0
SPN,0.0
SPINK7,0.0
CDC25C,0.0
CD70,0.0
SRPX,0.0
STAT4,0.0
CD68,0.0
AGXT,0.0
WDR81,0.0
CD3D,0.0
STAT1,0.0
CD3E,0.0
STAP1,0.0
CD3EAP,0.0
STAB1,0.0
AGTR2,0.0
AGTR1,0.0
CD4,0.0
SSX4,0.0
AGRP,0.0
CD40,0.0
SSX2,0.0
SSX1,0.0
SSTR5,0.0
SSTR4,0.0
SSTR3,0.0
WFDC1,0.0
SSTR2,0.0
SSTR1,0.0
CD40LG,0.0
WFS1,0.0
CD52,0.0
WNT1,0.0
CD5L,0.0
SRY,0.0
CD6,0.0
ALK,0.0
TAB1,0.0
VSTM2B,0.0
CASS4,0.0
CAVIN2,0.0
AMIGO1,0.0
VEGFC,0.0
TGFB2,0.0
TGFB1I1,0.0
TGFB1,0.0
VEGFD,0.0
TG,0.0
TFR2,0.0
VGF,0.0
TFPI,0.0
TFEB,0.0
CBLN1,0.0
VGLL3,0.0
AMH,0.0
TFAP2B,0.0
VIP,0.0
TEX35,0.0
TEX30,0.0
TEX14,0.0
TEX11,0.0
VIPR1,0.0
CBSL,0.0
TESK2,0.0
CCAT2,0.0
VIPR2,0.0
TERT,0.0
CCBE1,0.0
CCDC102B,0.0
CATSPER2,0.0
CASR,0.0
TENT5B,0.0
TGM3,0.0
TIMD4,0.0
ANGPTL3,0.0
TIGIT,0.0
TIGD5,0.0
TIE1,0.0
TICRR,0.0
TICAM2,0.0
TICAM1,0.0
ANGPTL2,0.0
CAMK2B,0.0
CAMKV,0.0
CAMP,0.0
THY1,0.0
CAPN3,0.0
ANGPT2,0.0
CARD14,0.0
THPO,0.0
CARD9,0.0
THEMIS,0.0
CARM1,0.0
CASC8,0.0
CASP1,0.0
CASP10,0.0
ANGPT1,0.0
AMIGO3,0.0
CASQ2,0.0
TH,0.0
TGM6,0.0
TGM4,0.0
TENT5C,0.0
CCDC103,0.0
VSTM1,0.0
CCL11,0.0
CCL13,0.0
VSIG4,0.0
TBL1Y,0.0
CCL15,0.0
CCL16,0.0
CCL17,0.0
CCL18,0.0
VSIR,0.0
CCL19,0.0
TBC1D10C,0.0
VSNL1,0.0
CCL22,0.0
TAS2R38,0.0
CCL23,0.0
TAP2,0.0
CCL24,0.0
CCL25,0.0
TAL2,0.0
TAL1,0.0
CCL26,0.0
TAFA4,0.0
CCL27,0.0
CCL7,0.0
CCL8,0.0
CCN3,0.0
CCN5,0.0
TAC4,0.0
CCNA1,0.0
TAC1,0.0
TBR1,0.0
TBX15,0.0
TEKT4,0.0
CCL1,0.0
TEKT3,0.0
TEK,0.0
TEDC1,0.0
CCDC141,0.0
CCDC27,0.0
ALX1,0.0
TDO2,0.0
ALPL,0.0
ALPK3,0.0
TCL1A,0.0
CCDC62,0.0
CCDC77,0.0
TCF7L2,0.0
TCF7,0.0
TCF4,0.0
CCDC80,0.0
TCF21,0.0
CCK,0.0
TCERG1L,0.0
TCEANC2,0.0
CCKAR,0.0
CCKBR,0.0
TBXAS1,0.0
TBXA2R,0.0
TBX5,0.0
TBX4,0.0
TBX3,0.0
TBX21,0.0
TBX2,0.0
TCEANC,0.0
KLF17,0.0
RRP12,0.0
NAV2,0.0
NAP1L3,0.0
HRH2,0.0
NAP1L5,0.0
NAT1,0.0
HRAS,0.0
NAT2,0.0
NAV1,0.0
HPV18-E7,0.0
IFNL2,0.0
HPV18-E6,0.0
NBPF3,0.0
NCAM1,0.0
HPV16-E7,0.0
HPV16-E6,0.0
NCCRP1,0.0
NCEH1,0.0
HRH3,0.0
HRH4,0.0
HS3ST2,0.0
NAIF1,0.0
HSPA6,0.0
HSPA2,0.0
HSPA1L,0.0
MYO1F,0.0
HSF4,0.0
HSDL1,0.0
HSD3B1,0.0
MYOD1,0.0
HSD17B6,0.0
HSD17B2,0.0
MZB1,0.0
HSD17B1,0.0
HSD11B2,0.0
HSD11B1,0.0
HS3ST5,0.0
NCF1,0.0
HPSE2,0.0
NCF4,0.0
NECAB2,0.0
HOXA9,0.0
HOXA5,0.0
NEDD4,0.0
HOXA13,0.0
HOXA11,0.0
NEFH,0.0
NEFL,0.0
NEFM,0.0
NEIL3,0.0
HOXA10,0.0
HOTAIR,0.0
NEK2,0.0
NEK3,0.0
NEK5,0.0
NELL1,0.0
HOXB13,0.0
HOXB5,0.0
HPSE,0.0
NDUFAB1,0.0
NCOA1,0.0
NCOA3,0.0
HPGDS,0.0
HPGD,0.0
HPD,0.0
NCR2,0.0
NCR3,0.0
HPCA,0.0
HOXD9,0.0
NDNF,0.0
NDP,0.0
HOXC13,0.0
NDRG4,0.0
NDST4,0.0
HOXC11,0.0
MYO18B,0.0
MYO15A,0.0
MYLK3,0.0
MS4A1,0.0
IFIT3,0.0
MSC,0.0
IFIT2,0.0
IFIH1,0.0
IFI44L,0.0
MSLN,0.0
MSR1,0.0
ID4,0.0
MSTN,0.0
ICOS,0.0
ICAM5,0.0
MTA2,0.0
ICAM4,0.0
ICAM3,0.0
MTCL1,0.0
MS4A2,0.0
MRTFB,0.0
MTFR1L,0.0
IFITM1,0.0
MPP1,0.0
IFNL1,0.0
MPPED1,0.0
IFNG,0.0
IFNB1,0.0
IFNA8,0.0
MR1,0.0
MRAP,0.0
MRAP2,0.0
MRC1,0.0
MRC2,0.0
MRE11,0.0
IFNA2,0.0
IFNA17,0.0
IFNA1,0.0
ICAM2,0.0
Human_PTEN_G129E_WT:A,0.0
MYLK2,0.0
HTR3A,0.0
MYBL2,0.0
MYC,0.0
HTR2A,0.0
MYCN,0.0
HTR1E,0.0
MYEF2,0.0
MYH1,0.0
HTR1D,0.0
HTR1B,0.0
MYH13,0.0
MYH2,0.0
MYH4,0.0
HTR1A,0.0
MYLIP,0.0
MYLK,0.0
HTR2C,0.0
MXD1,0.0
MTHFR,0.0
HTR6,0.0
MTNR1A,0.0
MTNR1B,0.0
MTOR,0.0
Human_PIK3CA_M1043I_WT:A,0.0
Human_PIK3CA_M1043I_ALT:A,0.0
Human_FGFR3_R248H_WT:A,0.0
Human_FGFR3_R248H_ALT:A,0.0
Human_FGFR3_D641N_WT:A,0.0
Human_FGFR3_D641N_ALT:A,0.0
Human_CTNNB1_S33C_WT:G,0.0
MUC19,0.0
Human_CTNNB1_S33C_ALT:G,0.0
Human_CTNNB1_G34E_ALT:A,0.0
HTRA2,0.0
HTR7,0.0
NEMP1,0.0
NES,0.0
NETO1,0.0
HAMP,0.0
NR3C2,0.0
H19,0.0
NR4A3,0.0
NR5A1,0.0
NR5A2,0.0
NR6A1,0.0
GZMK,0.0
GZMH,0.0
GZMB,0.0
NRF1,0.0
GZMA,0.0
NRK,0.0
NRN1,0.0
GYPB,0.0
GYPA,0.0
HABP2,0.0
NR2C2,0.0
NRSN1,0.0
NR1I3,0.0
NPPB,0.0
NPPC,0.0
HBZ,0.0
HBG1,0.0
NPSR1,0.0
HBEGF,0.0
NPY1R,0.0
NPY2R,0.0
HAVCR2,0.0
HAVCR1,0.0
NR0B1,0.0
NR0B2,0.0
HAS2,0.0
NR1H4,0.0
NR1I2,0.0
NRROS,0.0
NRSN2,0.0
NPFFR2,0.0
GRM7,0.0
NUDT16L1,0.0
GRM4,0.0
GRM3,0.0
GRM2,0.0
GRM1,0.0
GRIN2D,0.0
GRIN2C,0.0
GRIN2B,0.0
GRIN1,0.0
GRIK5,0.0
NUSAP1,0.0
GRIK4,0.0
GRIK3,0.0
GRID1,0.0
GRIA2,0.0
NUDT1,0.0
GRN,0.0
NRXN2,0.0
GRPR,0.0
NSD2,0.0
GUCY2D,0.0
GUCY2C,0.0
GUCY1A2,0.0
GUCA1A,0.0
GTF2A1L,0.0
GSX2,0.0
GSDMC,0.0
GSDMB,0.0
NTNG2,0.0
NTPCR,0.0
NTRK1,0.0
NTRK2,0.0
NTS,0.0
NTSR2,0.0
HCAR3,0.0
NPC1L1,0.0
HNF1A,0.0
NGFR,0.0
NIBAN1,0.0
NIBAN3,0.0
NIFK,0.0
HES6,0.0
HES4,0.0
HES1,0.0
NIPSNAP3A,0.0
HERC6,0.0
NKAPL,0.0
NKRF,0.0
NKX2-1,0.0
NKX2-3,0.0
NKX2-4,0.0
NKX2-8,0.0
NKX3-1,0.0
NHLH2,0.0
NGF,0.0
NLGN3,0.0
HEYL,0.0
NEUROD1,0.0
HMX2,0.0
HMMR,0.0
NEXN,0.0
HMGN5,0.0
HLX,0.0
NFATC2,0.0
HK2,0.0
HHLA2,0.0
HHEX,0.0
HGH1,0.0
NFE2L3,0.0
NFKB1,0.0
HGF,0.0
NGB,0.0
NLE1,0.0
NLRC5,0.0
NPC1,0.0
HCRTR2,0.0
NOP2,0.0
HCRT,0.0
NOS1,0.0
HCN4,0.0
NOS2,0.0
NOS3,0.0
NOSTRIN,0.0
NOTCH1,0.0
HCN3,0.0
NOTCH3,0.0
NOTCH4,0.0
NOX1,0.0
NOX4,0.0
NPAS4,0.0
HCK,0.0
HCRTR1,0.0
NOM1,0.0
HEPACAM,0.0
HDAC10,0.0
HELLS,0.0
NLRP2,0.0
NLRP3,0.0
NLRP5,0.0
NLRP6,0.0
NLRP9,0.0
HEATR5B,0.0
NMNAT1,0.0
NMU,0.0
NNAT,0.0
HDC,0.0
HDAC9,0.0
NOD1,0.0
NOD2,0.0
HDAC5,0.0
MPO,0.0
MPL,0.0
RRM2,0.0
KCNF1,0.0
KCNH2,0.0
LOX,0.0
KCNH1,0.0
LOXL2,0.0
LPA,0.0
LPAR1,0.0
LPAR3,0.0
LPAR6,0.0
IFNL3,0.0
KCNE1,0.0
KCNC4,0.0
LPL,0.0
KCNC1,0.0
KCNB1,0.0
KCNAB3,0.0
KCNA5,0.0
KCNH3,0.0
LMX1B,0.0
LMO2,0.0
LMO1,0.0
LILRB2,0.0
LILRB3,0.0
KCNJ12,0.0
LILRB5,0.0
LIM2,0.0
KCNJ11,0.0
KCNJ10,0.0
LIN28B,0.0
LINGO2,0.0
KCNH6,0.0
LIPE,0.0
LIPF,0.0
KCNH5,0.0
KCNH4,0.0
LMNB1,0.0
KCNA4,0.0
LRIF1,0.0
LRP1,0.0
ITK,0.0
ITGB6,0.0
LY6G6C,0.0
ITGB1BP2,0.0
LY9,0.0
LY96,0.0
LYAR,0.0
LYN,0.0
LYPD2,0.0
ITGAX,0.0
LZTS1,0.0
ITGAM,0.0
MAB21L2,0.0
ITGAL,0.0
MAD1L1,0.0
MAD2L1,0.0
LTK,0.0
ITM2A,0.0
LRP2,0.0
ITPKA,0.0
KCNA3,0.0
KAT5,0.0
LRRC15,0.0
JPH2,0.0
LRRC32,0.0
LRRC38,0.0
LRRC3B,0.0
JPH1,0.0
JAM3,0.0
LRRK2,0.0
LRTM1,0.0
JAK3,0.0
JAK2,0.0
LTA,0.0
LTB4R,0.0
KCNJ13,0.0
LILRA6,0.0
LILRA5,0.0
KMO,0.0
KIR2DL1,0.0
KIF2C,0.0
KIF20A,0.0
KIF1A,0.0
KIF18B,0.0
KIF11,0.0
KPRP,0.0
KIAA0408,0.0
KRT20,0.0
KHDC3L,0.0
L1CAM,0.0
LACC1,0.0
LACRT,0.0
KEL,0.0
LAG3,0.0
KIR3DL1,0.0
KLRK1,0.0
KDR,0.0
KLRG1,0.0
KLHL1,0.0
KLF14,0.0
KL,0.0
KLHL26,0.0
KLHL4,0.0
KITLG,0.0
KIT,0.0
KLK15,0.0
KLK4,0.0
KLK6,0.0
KISS1R,0.0
KLRC1,0.0
KLRC2,0.0
KLRD1,0.0
KLRF1,0.0
KEAP1,0.0
LAMC1,0.0
LILRA4,0.0
LEF1,0.0
KCNK17,0.0
KCNK16,0.0
LEPROTL1,0.0
LGALS13,0.0
LGALS14,0.0
KCNK13,0.0
KCNK10,0.0
LGR4,0.0
LGR6,0.0
LHCGR,0.0
KCNJ8,0.0
LIFR,0.0
KCNJ2,0.0
LILRA1,0.0
LILRA2,0.0
KCNK18,0.0
KCNK2,0.0
KDM5D,0.0
KCNK3,0.0
KCTD11,0.0
LANCL2,0.0
KCNV1,0.0
KCNT2,0.0
KCNT1,0.0
KCNS1,0.0
LATS1,0.0
KCNQ4,0.0
KCNQ2,0.0
LBP,0.0
LBX1,0.0
LCK,0.0
KCNMB1,0.0
KCNK9,0.0
LDB3,0.0
ITGAE,0.0
MAF,0.0
ITGAD,0.0
IL17D,0.0
MERTK,0.0
IL17A,0.0
IL15RA,0.0
METTL18,0.0
IL13RA2,0.0
IL13,0.0
IL12RB2,0.0
IL12RB1,0.0
MFGE8,0.0
IL12B,0.0
MFRP,0.0
IL12A,0.0
MGAM,0.0
MIAT,0.0
MICA,0.0
IL17B,0.0
IL17F,0.0
MICB,0.0
MELK,0.0
IL1RN,0.0
IL1RL2,0.0
IL1RL1,0.0
IL1F10,0.0
IL1B,0.0
IL1A,0.0
MED12L,0.0
IL19,0.0
IL18RAP,0.0
MEG3,0.0
MEGF10,0.0
MEGF8,0.0
MEIOB,0.0
IL18BP,0.0
IL18,0.0
MICAL2,0.0
IL11,0.0
IL2,0.0
MMP11,0.0
MMP13,0.0
IGFBP2,0.0
MMP21,0.0
MMP8,0.0
MMP9,0.0
MMRN2,0.0
IGFBP1,0.0
MNS1,0.0
MNX1,0.0
IGF2BP1,0.0
MOG,0.0
MOV10,0.0
IGF1,0.0
IFNW1,0.0
MPHOSPH9,0.0
MMP12,0.0
MMEL1,0.0
IL10,0.0
MME,0.0
MINDY1,0.0
IKZF3,0.0
MIPOL1,0.0
IKZF2,0.0
MKI67,0.0
IKBKE,0.0
MKRN3,0.0
MKX,0.0
MLANA,0.0
IHH,0.0
MLH1,0.0
IGSF3,0.0
IGSF1,0.0
IGHE,0.0
IGFN1,0.0
MDM1,0.0
IL20,0.0
MAGEA1,0.0
IRF7,0.0
IRF4,0.0
MAP1B,0.0
IRAK2,0.0
INSRR,0.0
MAP2,0.0
INSL4,0.0
INSL3,0.0
INPP5D,0.0
MAP3K15,0.0
MAP3K5,0.0
MAP3K7CL,0.0
INMT,0.0
INHBA,0.0
ING1,0.0
INCA1,0.0
IRF5,0.0
IRF8,0.0
IMPG1,0.0
IRGM,0.0
MAGEA10,0.0
MAGEA11,0.0
MAGEA12,0.0
MAGEA3,0.0
MAGEA4,0.0
MAGEB2,0.0
MAGEC1,0.0
MAGEC2,0.0
ITGA5,0.0
ITGA4,0.0
ITGA2B,0.0
MAL,0.0
ISL1,0.0
IRX1,0.0
IRS4,0.0
INA,0.0
MAPK11,0.0
IL21,0.0
IL2RG,0.0
MC3R,0.0
MC4R,0.0
MCAM,0.0
IL2RB,0.0
MCHR1,0.0
MCHR2,0.0
MCM2,0.0
IL2RA,0.0
IL26,0.0
IL25,0.0
IL24,0.0
IL23R,0.0
IL23A,0.0
IL22RA1,0.0
IL21R,0.0
MC1R,0.0
MBL2,0.0
MAPK12,0.0
IL3,0.0
ILDR2,0.0
IL9R,0.0
IL9,0.0
IL6R,0.0
IL5,0.0
IL4,0.0
IL3RA,0.0
IL37,0.0
MAPT,0.0
MARCO,0.0
IL34,0.0
MASP1,0.0
MASP2,0.0
MAT1A,0.0
IL31,0.0
GRIA1,0.0
NXPH2,0.0
GREM2,0.0
ERVFRD-1,0.0
EVI2B,0.0
ETV5,0.0
ETV1,0.0
ESR2,0.0
PSRC1,0.0
PSTPIP2,0.0
PTAFR,0.0
ERG,0.0
NXT2,0.0
ERFE,0.0
EREG,0.0
ERCC1,0.0
PTGDR2,0.0
ERAS,0.0
EPS8L3,0.0
PTGER4,0.0
EXO1,0.0
EYA4,0.0
EZHIP,0.0
F11,0.0
FABP7,0.0
PRR14L,0.0
FABP2,0.0
F8,0.0
PRRT2,0.0
PRRX1,0.0
PRTN3,0.0
PSD,0.0
PSD3,0.0
PSEN1,0.0
PSEN2,0.0
F2,0.0
PSG1,0.0
F13A1,0.0
F12,0.0
PTGES,0.0
PTGFR,0.0
EPO,0.0
ENTPD2,0.0
ENPP1,0.0
ENPEP,0.0
ENOX2,0.0
PTPRQ,0.0
PTPRZ1,0.0
ENO2,0.0
PTX3,0.0
ENG,0.0
EN2,0.0
PUSL1,0.0
EN1,0.0
ELSPBP1,0.0
PWWP3A,0.0
ELOB,0.0
ELN,0.0
PTPRB,0.0
EOMES,0.0
PTGIR,0.0
EPHA10,0.0
PTGIS,0.0
PTGS1,0.0
PTH,0.0
PTH1R,0.0
PTH2R,0.0
PTHLH,0.0
PTK2B,0.0
EPHB2,0.0
EPHB1,0.0
EPHA8,0.0
EPHA7,0.0
PTP4A3,0.0
EPHA4,0.0
PTPDC1,0.0
EPHA3,0.0
FADS1,0.0
PRPS2,0.0
PRPH2,0.0
PPP2R3A,0.0
FCRL2,0.0
FCRL1,0.0
FCN2,0.0
FCN1,0.0
PRCP,0.0
PRDM1,0.0
PRDM10,0.0
FCMR,0.0
PRDM13,0.0
PRDM15,0.0
PRDM6,0.0
FCGR3A,0.0
PRF1,0.0
FCGR2A,0.0
PRG4,0.0
FCRL3,0.0
FCRL4,0.0
FCGR1A,0.0
FCRLA,0.0
PPFIA3,0.0
PPFIA4,0.0
FEZ1,0.0
PPID,0.0
PPIF,0.0
FEV,0.0
FETUB,0.0
FES,0.0
FERMT3,0.0
FER,0.0
PPP1R16B,0.0
PPP1R1B,0.0
PPP1R1C,0.0
FENDRR,0.0
FEN1,0.0
PRICKLE1,0.0
FCER2,0.0
PRPH,0.0
FANCD2,0.0
PRMT8,0.0
FANCA,0.0
PRNCR1,0.0
FAM9B,0.0
PROC,0.0
PROCR,0.0
PRODH,0.0
PROKR2,0.0
FAM76B,0.0
FAM193A,0.0
FAM161A,0.0
FAM131C,0.0
PROX1,0.0
FAM126B,0.0
FAIM2,0.0
FANCC,0.0
PRM1,0.0
FCER1A,0.0
PRL,0.0
FCAR,0.0
PRKACB,0.0
FBXO45,0.0
FBXO43,0.0
FBXO42,0.0
PRKCA,0.0
PRKCB,0.0
PRKCE,0.0
PRKCG,0.0
FBLN2,0.0
FAT4,0.0
FAT3,0.0
FASN,0.0
FASLG,0.0
PRKN,0.0
ELMOD1,0.0
PYGM,0.0
ELFN1,0.0
RHBDD1,0.0
RHCE,0.0
RHD,0.0
DLK2,0.0
DLG4,0.0
RHOH,0.0
RHOXF2,0.0
DISP1,0.0
RILPL1,0.0
RIMS3,0.0
RIMS4,0.0
DIRAS3,0.0
RIPK2,0.0
RIPK3,0.0
DIP2A,0.0
RIPOR1,0.0
DLL1,0.0
RHAG,0.0
RLF,0.0
RGS5,0.0
DNAJA3,0.0
DNAH8,0.0
DNAH7,0.0
DNAH5,0.0
RFC5,0.0
DNAH12,0.0
RFTN1,0.0
DMXL1,0.0
RFX4,0.0
DMD,0.0
DMBX1,0.0
DLX4,0.0
DLL4,0.0
DLL3,0.0
RGS4,0.0
RITA1,0.0
RLN1,0.0
RETN,0.0
RORB,0.0
RP1L1,0.0
DDX58,0.0
DDX55,0.0
DDX43,0.0
DDX3Y,0.0
RPE65,0.0
RPRM,0.0
RPRML,0.0
RPS6KA5,0.0
RPTOR,0.0
RPUSD2,0.0
RRAD,0.0
RRAS,0.0
DDX20,0.0
DDX10,0.0
ROS1,0.0
DEFA6,0.0
RLN2,0.0
ROR1,0.0
RLN3,0.0
DIO2,0.0
DHX57,0.0
RNASE3,0.0
DHX34,0.0
RNASEL,0.0
DHRS2,0.0
RNF128,0.0
DHDDS,0.0
RNF26,0.0
RNF39,0.0
DEPDC7,0.0
ROBO4,0.0
DEFB4A,0.0
DEFB103B,0.0
DNAJB4,0.0
RET,0.0
ELANE,0.0
EFTUD2,0.0
EFR3B,0.0
RALGPS1,0.0
EEF1A2,0.0
EDNRB,0.0
EDIL3,0.0
RANGAP1,0.0
EDA,0.0
ECSIT,0.0
ECRG4,0.0
RAPGEF5,0.0
ECM1,0.0
ECEL1,0.0
ECD,0.0
EBI3,0.0
EBF2,0.0
RAG1,0.0
RAD54L2,0.0
EBF1,0.0
RAD54L,0.0
QRFPR,0.0
RAB11FIP5,0.0
RAB27A,0.0
RAB6C,0.0
EIF1AY,0.0
EGR4,0.0
EGR3,0.0
RABL3,0.0
EGR2,0.0
EGFL8,0.0
RACGAP1,0.0
EGFL7,0.0
EGFL6,0.0
RAD51,0.0
RAD52,0.0
RASD2,0.0
RASGRP1,0.0
RERG,0.0
DPF3,0.0
DOCK9,0.0
DOC2A,0.0
DNPEP,0.0
RECK,0.0
DNMT3B,0.0
RECQL4,0.0
REEP4,0.0
REEP6,0.0
DNMT3A,0.0
DNM1,0.0
DNASE1L3,0.0
DNAJC17,0.0
RELT,0.0
REN,0.0
REPS1,0.0
RCAN2,0.0
DPP8,0.0
E2F4,0.0
DPPA2,0.0
E2F3,0.0
E2F1,0.0
RASSF4,0.0
DUOXA2,0.0
DUOX2,0.0
RBBP5,0.0
DTNA,0.0
DSG3,0.0
DSG1,0.0
DRD3,0.0
DRD2,0.0
RBM20,0.0
DPYSL2,0.0
RBMS3,0.0
DPT,0.0
FEZF1,0.0
FEZF2,0.0
PPARG,0.0
PC,0.0
GLI1,0.0
GLA,0.0
PCBD2,0.0
PCBP3,0.0
GKN1,0.0
PCDH10,0.0
PCDH11X,0.0
PCDH11Y,0.0
PCDH17,0.0
GJC1,0.0
PCDH20,0.0
PCDH8,0.0
PCDHA1,0.0
GJB6,0.0
PCDHA4,0.0
PCA3,0.0
GLI2,0.0
PCDHB14,0.0
GLIPR2,0.0
PARP15,0.0
PARP3,0.0
PART1,0.0
PASD1,0.0
GLS,0.0
PAX1,0.0
GLRB,0.0
PAX3,0.0
PAX5,0.0
PAX6,0.0
PAX7,0.0
GLRA3,0.0
GLRA2,0.0
PBK,0.0
GLRA1,0.0
PCDHA9,0.0
PCGEM1,0.0
GLYR1,0.0
PDGFA,0.0
PDGFD,0.0
PDGFRA,0.0
GDF9,0.0
PDGFRL,0.0
GDF6,0.0
PDIA2,0.0
GDF3,0.0
GDF2,0.0
GDF11,0.0
PDLIM2,0.0
GCNT4,0.0
PDPN,0.0
PDX1,0.0
GCNT2,0.0
PDYN,0.0
GDNF,0.0
PDE6H,0.0
GJB1,0.0
PDE5A,0.0
PCK1,0.0
GJA5,0.0
PCNX3,0.0
GJA1,0.0
PCSK9,0.0
PDCD1,0.0
PDCD10,0.0
PDCD1LG2,0.0
GIMAP5,0.0
GIMAP4,0.0
GHSR,0.0
PDE2A,0.0
GHR,0.0
PDE4A,0.0
PDE4B,0.0
GLT8D2,0.0
GNA11,0.0
PDZD7,0.0
OLR1,0.0
OPALIN,0.0
OPN1LW,0.0
OPRD1,0.0
OPRK1,0.0
OPRL1,0.0
OPRM1,0.0
OPRPN,0.0
GPR83,0.0
GPR55,0.0
ORC6,0.0
OSBP2,0.0
GPR4,0.0
OSGIN1,0.0
GPR37,0.0
GPR34,0.0
ONECUT3,0.0
OLIG2,0.0
OTUB1,0.0
OLIG1,0.0
NYX,0.0
OAS1,0.0
OAS3,0.0
GREM1,0.0
GREB1L,0.0
GPT,0.0
GPRIN2,0.0
GPRASP2,0.0
GPR88,0.0
OGG1,0.0
GPR85,0.0
OIT3,0.0
OLFM1,0.0
OLFM2,0.0
OLFML3,0.0
OTOF,0.0
OTX2,0.0
GNAO1,0.0
GPR139,0.0
GPR101,0.0
PADI4,0.0
GPR1,0.0
PAGE4,0.0
GPER1,0.0
GP6,0.0
GP1BA,0.0
GORAB,0.0
GNRHR,0.0
PALLD,0.0
GNB1L,0.0
GNAT3,0.0
PANX3,0.0
PAPPA,0.0
PAPPA2,0.0
PACC1,0.0
P4HA3,0.0
GPR3,0.0
GPR158,0.0
OXER1,0.0
GPR26,0.0
GPR22,0.0
OXTR,0.0
P2RX1,0.0
P2RX3,0.0
GPR174,0.0
GPR17,0.0
P2RX7,0.0
P2RY1,0.0
P2RY12,0.0
GPR162,0.0
P2RY14,0.0
P2RY2,0.0
P2RY6,0.0
PDZD4,0.0
GCM1,0.0
FFAR1,0.0
FOXE1,0.0
FOXD2,0.0
FOXC2,0.0
PLVAP,0.0
PLXDC1,0.0
FOXC1,0.0
FOXB1,0.0
PLXNC1,0.0
PM20D1,0.0
PMCH,0.0
PMFBP1,0.0
PML,0.0
FOLR2,0.0
PMP22,0.0
FOLH1,0.0
PNMA2,0.0
PLS3,0.0
FOXE3,0.0
PNP,0.0
PLN,0.0
FOXP3,0.0
FOXP2,0.0
FOXP1,0.0
FOXO4,0.0
FOXN1,0.0
FOXM1,0.0
PLEKHM2,0.0
FOXL2,0.0
FOXI1,0.0
PLIN1,0.0
PLIN2,0.0
FOXG1,0.0
PLIN5,0.0
PLK1,0.0
FOXF1,0.0
PNOC,0.0
PNPLA1,0.0
PLCG2,0.0
FGF7,0.0
FGF23,0.0
POTEF,0.0
FGF21,0.0
FGF2,0.0
FGF19,0.0
POU2AF1,0.0
FGF13,0.0
POU2F2,0.0
POU2F3,0.0
POU3F1,0.0
POU3F3,0.0
POU3F4,0.0
POU4F3,0.0
FGF10,0.0
FGF1,0.0
FGF4,0.0
POPDC3,0.0
FMO5,0.0
FGFBP2,0.0
FMO3,0.0
PNPLA6,0.0
FMN2,0.0
FLYWCH1,0.0
POGLUT2,0.0
POLD1,0.0
FLT3,0.0
FILIP1L,0.0
FIBP,0.0
FHOD1,0.0
FHL1,0.0
POMC,0.0
FGR,0.0
FGFR4,0.0
PON1,0.0
FPR1,0.0
FPR2,0.0
PEBP4,0.0
GALR1,0.0
GALNS,0.0
GAL,0.0
GAGE1,0.0
GADD45G,0.0
GAD2,0.0
GAD1,0.0
PHF21B,0.0
GABRR3,0.0
GABRQ,0.0
GABRP,0.0
GABRG3,0.0
GABRG2,0.0
PHLDA3,0.0
PHLDB2,0.0
PHLPP1,0.0
GALP,0.0
PGF,0.0
PI16,0.0
GAP43,0.0
GCKR,0.0
GCGR,0.0
GBX2,0.0
GBP5,0.0
GBP1,0.0
PENK,0.0
GBF1,0.0
PER2,0.0
GATA4,0.0
GATA3,0.0
GATA1,0.0
PGA3,0.0
PGAM5,0.0
PGAP1,0.0
PGBD1,0.0
PHOX2B,0.0
GABRD,0.0
FRAS1,0.0
PITX2,0.0
PKD2,0.0
PKD2L1,0.0
FSTL3,0.0
PKIA,0.0
FST,0.0
PKNOX2,0.0
FSIP1,0.0
PLA2G4A,0.0
FSHR,0.0
FSCN1,0.0
PLA2G7,0.0
FRMD7,0.0
PLAT,0.0
PLAU,0.0
FREM1,0.0
FUT2,0.0
PITX1,0.0
GABRB3,0.0
FUT7,0.0
GABRB2,0.0
PID1,0.0
GABRA6,0.0
PIEZO2,0.0
GABRA5,0.0
GABRA4,0.0
GABRA3,0.0
GABRA1,0.0
GABBR2,0.0
PIK3CD,0.0
FZD9,0.0
FZD4,0.0
PILRA,0.0
PIM2,0.0
PIMREG,0.0
DNTT,0.0
